"STD_YM(기준년월)","BLCK_CD(블록코드)","STAT_CD(통계청상품코드)","SEX_CD(성별코드)","AGE_CD(연령대코드)","TIME_CD(시간대코드)","BUYER_AREA(구매지역)","ACC_CNT(구매_고객수)","PURH_CNT(구매건수)","PURH_AMT(구매금액)"
"201912","164391","A","01","01","05","11650540",999,999,9999999
"201912","164391","A","01","01","05","11680545",999,999,9999999
"201912","164391","A","01","02","02","11110680",999,999,9999999
"201912","164391","A","01","02","02","11680545",999,999,9999999
"201912","164391","A","01","02","03","11110680",999,999,9999999
"201912","164391","A","01","02","03","11305590",999,999,9999999
"201912","164391","A","01","02","03","11380690",999,999,9999999
"201912","164391","A","01","02","03","11680545",999,999,9999999
"201912","164391","A","01","02","03","11710550",999,999,9999999
"201912","164391","A","01","02","03","28245",999,999,9999999
"201912","164391","B","01","02","03","11680545",999,999,9999999
"201912","164391","E","01","02","03","11680545",999,999,9999999
"201912","164391","A","01","02","04","11110680",999,999,9999999
"201912","164391","A","01","02","04","11230705",999,999,9999999
"201912","164391","A","01","02","04","11305545",999,999,9999999
"201912","164391","A","01","02","04","11680545",999,999,9999999
"201912","164391","A","01","02","04","26380",999,999,9999999
"201912","164391","A","01","02","04","41150",999,999,9999999
"201912","164391","A","01","02","04","41173",999,999,9999999
"201912","164391","A","01","02","04","50110",999,999,9999999
"201912","164391","E","01","02","04","11230705",999,999,9999999
"201912","164391","E","01","02","04","11680545",999,999,9999999
"201912","164391","L","01","02","04","11305545",999,999,9999999
"201912","164391","A","01","02","05","11110680",999,999,9999999
"201912","164391","A","01","02","05","11200620",999,999,9999999
"201912","164391","A","01","02","05","11290555",999,999,9999999
"201912","164391","A","01","02","05","11620625",999,999,9999999
"201912","164391","A","01","02","05","11650560",999,999,9999999
"201912","164391","A","01","02","05","11680545",999,999,9999999
"201912","164391","A","01","02","05","36110",999,999,9999999
"201912","164391","A","01","02","05","41135",999,999,9999999
"201912","164391","A","01","02","05","41171",999,999,9999999
"201912","164391","A","01","02","05","50110",999,999,9999999
"201912","164391","B","01","02","05","11680545",999,999,9999999
"201912","164391","B","01","02","05","41171",999,999,9999999
"201912","164391","E","01","02","05","11200620",999,999,9999999
"201912","164391","E","01","02","05","11290555",999,999,9999999
"201912","164391","E","01","02","05","11680545",999,999,9999999
"201912","164391","L","01","02","05","11305545",999,999,9999999
"201912","164391","L","01","02","05","11680545",999,999,9999999
"201912","164391","A","01","02","06","11110680",999,999,9999999
"201912","164391","A","01","02","06","11200620",999,999,9999999
"201912","164391","A","01","02","06","11230705",999,999,9999999
"201912","164391","A","01","02","06","11305545",999,999,9999999
"201912","164391","A","01","02","06","11680545",999,999,9999999
"201912","164391","A","01","02","06","41135",999,999,9999999
"201912","164391","A","01","02","06","41171",999,999,9999999
"201912","164391","A","01","02","06","41173",999,999,9999999
"201912","164391","A","01","02","06","50110",999,999,9999999
"201912","164391","B","01","02","06","11200620",999,999,9999999
"201912","164391","B","01","02","06","11305545",999,999,9999999
"201912","164391","B","01","02","06","11680545",999,999,9999999
"201912","164391","B","01","02","06","41171",999,999,9999999
"201912","164391","E","01","02","06","11680545",999,999,9999999
"201912","164391","L","01","02","06","11680545",999,999,9999999
"201912","164391","A","01","03","02","11470530",999,999,9999999
"201912","164391","A","01","03","02","11530740",999,999,9999999
"201912","164391","A","01","03","02","11680545",999,999,9999999
"201912","164391","A","01","03","02","28260",999,999,9999999
"201912","164391","A","01","03","02","41135",999,999,9999999
"201912","164391","A","01","03","02","41610",999,999,9999999
"201912","164391","A","01","03","03","11230740",999,999,9999999
"201912","164391","A","01","03","03","11350600",999,999,9999999
"201912","164391","A","01","03","03","11380631",999,999,9999999
"201912","164391","A","01","03","03","11470530",999,999,9999999
"201912","164391","A","01","03","03","11560630",999,999,9999999
"201912","164391","A","01","03","03","11560680",999,999,9999999
"201912","164391","A","01","03","03","11680510",999,999,9999999
"201912","164391","A","01","03","03","11680545",999,999,9999999
"201912","164391","A","01","03","03","11680730",999,999,9999999
"201912","164391","A","01","03","03","11710520",999,999,9999999
"201912","164391","A","01","03","03","28260",999,999,9999999
"201912","164391","A","01","03","03","41133",999,999,9999999
"201912","164391","A","01","03","03","41610",999,999,9999999
"201912","164391","A","01","03","03","42110",999,999,9999999
"201912","164391","B","01","03","03","11680545",999,999,9999999
"201912","164391","E","01","03","03","11680545",999,999,9999999
"201912","164391","A","01","03","04","11230740",999,999,9999999
"201912","164391","A","01","03","04","11305555",999,999,9999999
"201912","164391","A","01","03","04","11350600",999,999,9999999
"201912","164391","A","01","03","04","11380690",999,999,9999999
"201912","164391","A","01","03","04","11440565",999,999,9999999
"201912","164391","A","01","03","04","11560535",999,999,9999999
"201912","164391","A","01","03","04","11620775",999,999,9999999
"201912","164391","A","01","03","04","11680545",999,999,9999999
"201912","164391","A","01","03","04","11680640",999,999,9999999
"201912","164391","A","01","03","04","11680660",999,999,9999999
"201912","164391","A","01","03","04","28260",999,999,9999999
"201912","164391","A","01","03","04","41281",999,999,9999999
"201912","164391","A","01","03","04","41287",999,999,9999999
"201912","164391","A","01","03","04","41465",999,999,9999999
"201912","164391","A","01","03","04","48220",999,999,9999999
"201912","164391","B","01","03","04","11680545",999,999,9999999
"201912","164391","B","01","03","04","11680640",999,999,9999999
"201912","164391","B","01","03","04","11680660",999,999,9999999
"201912","164391","E","01","03","04","11680510",999,999,9999999
"201912","164391","E","01","03","04","11680545",999,999,9999999
"201912","164391","E","01","03","04","41281",999,999,9999999
"201912","164391","L","01","03","04","11230740",999,999,9999999
"201912","164391","A","01","03","05","11215847",999,999,9999999
"201912","164391","A","01","03","05","11215860",999,999,9999999
"201912","164391","A","01","03","05","11290525",999,999,9999999
"201912","164391","A","01","03","05","11305555",999,999,9999999
"201912","164391","A","01","03","05","11350600",999,999,9999999
"201912","164391","A","01","03","05","11470530",999,999,9999999
"201912","164391","A","01","03","05","11470611",999,999,9999999
"201912","164391","A","01","03","05","11530540",999,999,9999999
"201912","164391","A","01","03","05","11560630",999,999,9999999
"201912","164391","A","01","03","05","11590660",999,999,9999999
"201912","164391","A","01","03","05","11620775",999,999,9999999
"201912","164391","A","01","03","05","11650660",999,999,9999999
"201912","164391","A","01","03","05","11680510",999,999,9999999
"201912","164391","A","01","03","05","11680531",999,999,9999999
"201912","164391","A","01","03","05","11680545",999,999,9999999
"201912","164391","A","01","03","05","11680610",999,999,9999999
"201912","164391","A","01","03","05","11680670",999,999,9999999
"201912","164391","A","01","03","05","26260",999,999,9999999
"201912","164391","A","01","03","05","36110",999,999,9999999
"201912","164391","A","01","03","05","41113",999,999,9999999
"201912","164391","A","01","03","05","41463",999,999,9999999
"201912","164391","A","01","03","05","41610",999,999,9999999
"201912","164391","A","01","03","05","41650",999,999,9999999
"201912","164391","B","01","03","05","11680510",999,999,9999999
"201912","164391","B","01","03","05","11680545",999,999,9999999
"201912","164391","B","01","03","05","11680670",999,999,9999999
"201912","164391","B","01","03","05","41113",999,999,9999999
"201912","164391","E","01","03","05","11110640",999,999,9999999
"201912","164391","E","01","03","05","11470611",999,999,9999999
"201912","164391","E","01","03","05","11560630",999,999,9999999
"201912","164391","E","01","03","05","11680510",999,999,9999999
"201912","164391","E","01","03","05","11680545",999,999,9999999
"201912","164391","E","01","03","05","26260",999,999,9999999
"201912","164391","E","01","03","05","36110",999,999,9999999
"201912","164391","L","01","03","05","11350600",999,999,9999999
"201912","164391","L","01","03","05","11680510",999,999,9999999
"201912","164391","A","01","03","06","11290780",999,999,9999999
"201912","164391","A","01","03","06","11440565",999,999,9999999
"201912","164391","A","01","03","06","11560630",999,999,9999999
"201912","164391","A","01","03","06","11680545",999,999,9999999
"201912","164391","A","01","03","06","41113",999,999,9999999
"201912","164391","B","01","03","06","11680545",999,999,9999999
"201912","164391","E","01","03","06","11560630",999,999,9999999
"201912","164391","E","01","03","06","11680545",999,999,9999999
"201912","164391","A","01","04","02","11170625",999,999,9999999
"201912","164391","A","01","04","02","11200580",999,999,9999999
"201912","164391","A","01","04","02","11680545",999,999,9999999
"201912","164391","A","01","04","02","41570",999,999,9999999
"201912","164391","B","01","04","02","11620595",999,999,9999999
"201912","164391","E","01","04","02","11680545",999,999,9999999
"201912","164391","A","01","04","03","11170625",999,999,9999999
"201912","164391","A","01","04","03","11170685",999,999,9999999
"201912","164391","A","01","04","03","11200580",999,999,9999999
"201912","164391","A","01","04","03","11320660",999,999,9999999
"201912","164391","A","01","04","03","11620595",999,999,9999999
"201912","164391","A","01","04","03","11650540",999,999,9999999
"201912","164391","A","01","04","03","11680510",999,999,9999999
"201912","164391","A","01","04","03","11680545",999,999,9999999
"201912","164391","A","01","04","03","11680565",999,999,9999999
"201912","164391","A","01","04","03","11710580",999,999,9999999
"201912","164391","A","01","04","03","11710590",999,999,9999999
"201912","164391","A","01","04","03","29200",999,999,9999999
"201912","164391","A","01","04","03","41135",999,999,9999999
"201912","164391","A","01","04","03","41210",999,999,9999999
"201912","164391","A","01","04","03","41360",999,999,9999999
"201912","164391","A","01","04","03","41820",999,999,9999999
"201912","164391","E","01","04","03","11170685",999,999,9999999
"201912","164391","E","01","04","03","11215810",999,999,9999999
"201912","164391","E","01","04","03","11650540",999,999,9999999
"201912","164391","E","01","04","03","11710590",999,999,9999999
"201912","164391","E","01","04","03","29200",999,999,9999999
"201912","164391","E","01","04","03","41570",999,999,9999999
"201912","164391","A","01","04","04","11200580",999,999,9999999
"201912","164391","A","01","04","04","11440655",999,999,9999999
"201912","164391","A","01","04","04","11620605",999,999,9999999
"201912","164391","A","01","04","04","11650570",999,999,9999999
"201912","164391","A","01","04","04","11650620",999,999,9999999
"201912","164391","A","01","04","04","11680510",999,999,9999999
"201912","164391","A","01","04","04","11680545",999,999,9999999
"201912","164391","A","01","04","04","11680565",999,999,9999999
"201912","164391","A","01","04","04","11680740",999,999,9999999
"201912","164391","A","01","04","04","11710580",999,999,9999999
"201912","164391","A","01","04","04","11710620",999,999,9999999
"201912","164391","A","01","04","04","29200",999,999,9999999
"201912","164391","A","01","04","04","31110",999,999,9999999
"201912","164391","A","01","04","04","41135",999,999,9999999
"201912","164391","A","01","04","04","41171",999,999,9999999
"201912","164391","A","01","04","04","41173",999,999,9999999
"201912","164391","A","01","04","04","41570",999,999,9999999
"201912","164391","A","01","04","04","41610",999,999,9999999
"201912","164391","A","01","04","04","41630",999,999,9999999
"201912","164391","A","01","04","04","41820",999,999,9999999
"201912","164391","B","01","04","04","11680545",999,999,9999999
"201912","164391","E","01","04","04","11650620",999,999,9999999
"201912","164391","E","01","04","04","11680545",999,999,9999999
"201912","164391","E","01","04","04","11680565",999,999,9999999
"201912","164391","E","01","04","04","29200",999,999,9999999
"201912","164391","E","01","04","04","41171",999,999,9999999
"201912","164391","L","01","04","04","11680545",999,999,9999999
"201912","164391","A","01","04","05","11140605",999,999,9999999
"201912","164391","A","01","04","05","11170630",999,999,9999999
"201912","164391","A","01","04","05","11170685",999,999,9999999
"201912","164391","A","01","04","05","11200580",999,999,9999999
"201912","164391","A","01","04","05","11215810",999,999,9999999
"201912","164391","A","01","04","05","11230710",999,999,9999999
"201912","164391","A","01","04","05","11380640",999,999,9999999
"201912","164391","A","01","04","05","11650540",999,999,9999999
"201912","164391","A","01","04","05","11650620",999,999,9999999
"201912","164391","A","01","04","05","11650651",999,999,9999999
"201912","164391","A","01","04","05","11680510",999,999,9999999
"201912","164391","A","01","04","05","11680531",999,999,9999999
"201912","164391","A","01","04","05","11680545",999,999,9999999
"201912","164391","A","01","04","05","26110",999,999,9999999
"201912","164391","A","01","04","05","29200",999,999,9999999
"201912","164391","A","01","04","05","31110",999,999,9999999
"201912","164391","A","01","04","05","41135",999,999,9999999
"201912","164391","A","01","04","05","41210",999,999,9999999
"201912","164391","A","01","04","05","41281",999,999,9999999
"201912","164391","A","01","04","05","41463",999,999,9999999
"201912","164391","A","01","04","05","41570",999,999,9999999
"201912","164391","B","01","04","05","11500620",999,999,9999999
"201912","164391","B","01","04","05","11680545",999,999,9999999
"201912","164391","B","01","04","05","31110",999,999,9999999
"201912","164391","B","01","04","05","41820",999,999,9999999
"201912","164391","B","01","04","05","43112",999,999,9999999
"201912","164391","E","01","04","05","11170685",999,999,9999999
"201912","164391","E","01","04","05","11200580",999,999,9999999
"201912","164391","E","01","04","05","11680545",999,999,9999999
"201912","164391","E","01","04","05","41135",999,999,9999999
"201912","164391","E","01","04","05","41570",999,999,9999999
"201912","164391","L","01","04","05","11680545",999,999,9999999
"201912","164391","A","01","04","06","11170685",999,999,9999999
"201912","164391","A","01","04","06","11560605",999,999,9999999
"201912","164391","A","01","04","06","11650540",999,999,9999999
"201912","164391","A","01","04","06","11650620",999,999,9999999
"201912","164391","A","01","04","06","11680510",999,999,9999999
"201912","164391","A","01","04","06","11680531",999,999,9999999
"201912","164391","A","01","04","06","11680545",999,999,9999999
"201912","164391","A","01","04","06","11680565",999,999,9999999
"201912","164391","A","01","04","06","29200",999,999,9999999
"201912","164391","A","01","04","06","31110",999,999,9999999
"201912","164391","A","01","04","06","41135",999,999,9999999
"201912","164391","A","01","04","06","41150",999,999,9999999
"201912","164391","A","01","04","06","41281",999,999,9999999
"201912","164391","B","01","04","06","11680545",999,999,9999999
"201912","164391","B","01","04","06","31110",999,999,9999999
"201912","164391","E","01","04","06","11680545",999,999,9999999
"201912","164391","L","01","04","06","11680565",999,999,9999999
"201912","164391","A","01","05","02","11620605",999,999,9999999
"201912","164391","A","01","05","02","11680510",999,999,9999999
"201912","164391","A","01","05","02","27140",999,999,9999999
"201912","164391","A","01","05","02","41115",999,999,9999999
"201912","164391","A","01","05","02","46130",999,999,9999999
"201912","164391","A","01","05","02","46230",999,999,9999999
"201912","164391","E","01","05","02","46230",999,999,9999999
"201912","164391","L","01","05","02","46230",999,999,9999999
"201912","164391","A","01","05","03","11110515",999,999,9999999
"201912","164391","A","01","05","03","11140635",999,999,9999999
"201912","164391","A","01","05","03","11215750",999,999,9999999
"201912","164391","A","01","05","03","11215810",999,999,9999999
"201912","164391","A","01","05","03","11500620",999,999,9999999
"201912","164391","A","01","05","03","11500641",999,999,9999999
"201912","164391","A","01","05","03","11650560",999,999,9999999
"201912","164391","A","01","05","03","11680545",999,999,9999999
"201912","164391","A","01","05","03","11680700",999,999,9999999
"201912","164391","A","01","05","03","27140",999,999,9999999
"201912","164391","A","01","05","03","41135",999,999,9999999
"201912","164391","A","01","05","03","41410",999,999,9999999
"201912","164391","A","01","05","03","41480",999,999,9999999
"201912","164391","A","01","05","03","46130",999,999,9999999
"201912","164391","A","01","05","03","47111",999,999,9999999
"201912","164391","A","01","05","03","50110",999,999,9999999
"201912","164391","E","01","05","03","11140635",999,999,9999999
"201912","164391","E","01","05","03","11500641",999,999,9999999
"201912","164391","E","01","05","03","11680545",999,999,9999999
"201912","164391","E","01","05","03","41480",999,999,9999999
"201912","164391","E","01","05","03","46130",999,999,9999999
"201912","164391","E","01","05","03","50110",999,999,9999999
"201912","164391","A","01","05","04","11140635",999,999,9999999
"201912","164391","A","01","05","04","11170630",999,999,9999999
"201912","164391","A","01","05","04","11215810",999,999,9999999
"201912","164391","A","01","05","04","11500641",999,999,9999999
"201912","164391","A","01","05","04","11680531",999,999,9999999
"201912","164391","A","01","05","04","11680545",999,999,9999999
"201912","164391","A","01","05","04","11680660",999,999,9999999
"201912","164391","A","01","05","04","26260",999,999,9999999
"201912","164391","A","01","05","04","27140",999,999,9999999
"201912","164391","A","01","05","04","41287",999,999,9999999
"201912","164391","A","01","05","04","41370",999,999,9999999
"201912","164391","A","01","05","04","41570",999,999,9999999
"201912","164391","A","01","05","04","46130",999,999,9999999
"201912","164391","B","01","05","04","11680545",999,999,9999999
"201912","164391","B","01","05","04","41370",999,999,9999999
"201912","164391","E","01","05","04","11500641",999,999,9999999
"201912","164391","E","01","05","04","11680545",999,999,9999999
"201912","164391","E","01","05","04","26260",999,999,9999999
"201912","164391","E","01","05","04","27140",999,999,9999999
"201912","164391","A","01","05","05","11140635",999,999,9999999
"201912","164391","A","01","05","05","11170660",999,999,9999999
"201912","164391","A","01","05","05","11320690",999,999,9999999
"201912","164391","A","01","05","05","11350600",999,999,9999999
"201912","164391","A","01","05","05","11410620",999,999,9999999
"201912","164391","A","01","05","05","11620565",999,999,9999999
"201912","164391","A","01","05","05","11680545",999,999,9999999
"201912","164391","A","01","05","05","11680565",999,999,9999999
"201912","164391","A","01","05","05","11680660",999,999,9999999
"201912","164391","A","01","05","05","27140",999,999,9999999
"201912","164391","A","01","05","05","41111",999,999,9999999
"201912","164391","A","01","05","05","41287",999,999,9999999
"201912","164391","A","01","05","05","41570",999,999,9999999
"201912","164391","A","01","05","05","43150",999,999,9999999
"201912","164391","A","01","05","05","46130",999,999,9999999
"201912","164391","A","01","05","05","46230",999,999,9999999
"201912","164391","A","01","05","05","48250",999,999,9999999
"201912","164391","B","01","05","05","11170660",999,999,9999999
"201912","164391","B","01","05","05","11680545",999,999,9999999
"201912","164391","B","01","05","05","41111",999,999,9999999
"201912","164391","B","01","05","05","46230",999,999,9999999
"201912","164391","E","01","05","05","11680545",999,999,9999999
"201912","164391","E","01","05","05","46230",999,999,9999999
"201912","164391","L","01","05","05","28185",999,999,9999999
"201912","164391","A","01","05","06","11170660",999,999,9999999
"201912","164391","A","01","05","06","11200560",999,999,9999999
"201912","164391","A","01","05","06","11680545",999,999,9999999
"201912","164391","A","01","05","06","41111",999,999,9999999
"201912","164391","A","01","05","06","41150",999,999,9999999
"201912","164391","A","01","05","06","47111",999,999,9999999
"201912","164391","B","01","05","06","11170660",999,999,9999999
"201912","164391","B","01","05","06","11680545",999,999,9999999
"201912","164391","B","01","05","06","41111",999,999,9999999
"201912","164391","E","01","05","06","11650531",999,999,9999999
"201912","164391","E","01","05","06","11680545",999,999,9999999
"201912","164391","A","01","06","02","11680531",999,999,9999999
"201912","164391","A","01","06","02","11680545",999,999,9999999
"201912","164391","B","01","06","02","11680545",999,999,9999999
"201912","164391","E","01","06","02","11680545",999,999,9999999
"201912","164391","A","01","06","03","11200620",999,999,9999999
"201912","164391","A","01","06","03","11350695",999,999,9999999
"201912","164391","A","01","06","03","11560620",999,999,9999999
"201912","164391","A","01","06","03","11680545",999,999,9999999
"201912","164391","E","01","06","03","11560620",999,999,9999999
"201912","164391","E","01","06","03","11680545",999,999,9999999
"201912","164391","A","01","06","04","11200620",999,999,9999999
"201912","164391","A","01","06","04","11560680",999,999,9999999
"201912","164391","A","01","06","04","11680531",999,999,9999999
"201912","164391","A","01","06","04","11680545",999,999,9999999
"201912","164391","A","01","06","04","41135",999,999,9999999
"201912","164391","A","01","06","04","41285",999,999,9999999
"201912","164391","B","01","06","04","11680531",999,999,9999999
"201912","164391","B","01","06","04","11680545",999,999,9999999
"201912","164391","E","01","06","04","11680545",999,999,9999999
"201912","164391","A","01","06","05","11200620",999,999,9999999
"201912","164391","A","01","06","05","11260570",999,999,9999999
"201912","164391","A","01","06","05","11560680",999,999,9999999
"201912","164391","A","01","06","05","11680510",999,999,9999999
"201912","164391","A","01","06","05","11680531",999,999,9999999
"201912","164391","A","01","06","05","11680545",999,999,9999999
"201912","164391","A","01","06","05","41630",999,999,9999999
"201912","164391","B","01","06","05","11680531",999,999,9999999
"201912","164391","B","01","06","05","11680545",999,999,9999999
"201912","164391","E","01","06","05","11200620",999,999,9999999
"201912","164391","E","01","06","05","11680545",999,999,9999999
"201912","164391","A","01","06","06","11680545",999,999,9999999
"201912","164391","E","01","06","06","11680545",999,999,9999999
"201912","164391","A","01","07","02","11140625",999,999,9999999
"201912","164391","A","01","07","02","11200650",999,999,9999999
"201912","164391","A","01","07","02","41135",999,999,9999999
"201912","164391","E","01","07","02","11680545",999,999,9999999
"201912","164391","A","01","07","03","11200650",999,999,9999999
"201912","164391","A","01","07","03","11680510",999,999,9999999
"201912","164391","A","01","07","03","11680545",999,999,9999999
"201912","164391","A","01","07","03","11680565",999,999,9999999
"201912","164391","A","01","07","03","11710580",999,999,9999999
"201912","164391","A","01","07","03","41610",999,999,9999999
"201912","164391","B","01","07","03","41135",999,999,9999999
"201912","164391","A","01","07","04","11560700",999,999,9999999
"201912","164391","A","01","07","04","11680510",999,999,9999999
"201912","164391","A","01","07","04","11680545",999,999,9999999
"201912","164391","A","01","07","04","11680565",999,999,9999999
"201912","164391","A","01","07","04","42750",999,999,9999999
"201912","164391","B","01","07","04","11290640",999,999,9999999
"201912","164391","B","01","07","04","11680531",999,999,9999999
"201912","164391","B","01","07","04","11680545",999,999,9999999
"201912","164391","E","01","07","04","11680545",999,999,9999999
"201912","164391","A","01","07","05","11680510",999,999,9999999
"201912","164391","A","01","07","05","11680531",999,999,9999999
"201912","164391","A","01","07","05","11680545",999,999,9999999
"201912","164391","A","01","07","05","27260",999,999,9999999
"201912","164391","A","01","07","05","42750",999,999,9999999
"201912","164391","B","01","07","05","11290640",999,999,9999999
"201912","164391","B","01","07","05","11680545",999,999,9999999
"201912","164391","E","01","07","05","11680531",999,999,9999999
"201912","164391","E","01","07","05","11680545",999,999,9999999
"201912","164391","E","01","07","05","42750",999,999,9999999
"201912","164391","A","01","07","06","11140625",999,999,9999999
"201912","164391","A","01","07","06","11680545",999,999,9999999
"201912","164391","B","01","07","06","11290640",999,999,9999999
"201912","164391","B","01","07","06","11680545",999,999,9999999
"201912","164391","E","01","07","06","11680545",999,999,9999999
"201912","164391","A","02","01","05","11680545",999,999,9999999
"201912","164391","A","02","01","06","11680545",999,999,9999999
"201912","164391","A","02","02","02","11170630",999,999,9999999
"201912","164391","A","02","02","02","11200790",999,999,9999999
"201912","164391","A","02","02","02","11290760",999,999,9999999
"201912","164391","A","02","02","02","11320511",999,999,9999999
"201912","164391","A","02","02","02","11650560",999,999,9999999
"201912","164391","A","02","02","02","11680545",999,999,9999999
"201912","164391","A","02","02","02","31140",999,999,9999999
"201912","164391","A","02","02","02","41610",999,999,9999999
"201912","164391","A","02","02","02","48121",999,999,9999999
"201912","164391","B","02","02","02","11170630",999,999,9999999
"201912","164391","E","02","02","02","11380570",999,999,9999999
"201912","164391","E","02","02","02","11650651",999,999,9999999
"201912","164391","A","02","02","03","11215820",999,999,9999999
"201912","164391","A","02","02","03","11650540",999,999,9999999
"201912","164391","A","02","02","03","11650651",999,999,9999999
"201912","164391","A","02","02","03","11680521",999,999,9999999
"201912","164391","A","02","02","03","11680545",999,999,9999999
"201912","164391","A","02","02","03","11680565",999,999,9999999
"201912","164391","A","02","02","03","11680720",999,999,9999999
"201912","164391","A","02","02","03","11710610",999,999,9999999
"201912","164391","A","02","02","03","26230",999,999,9999999
"201912","164391","A","02","02","03","26290",999,999,9999999
"201912","164391","A","02","02","03","26320",999,999,9999999
"201912","164391","A","02","02","03","41150",999,999,9999999
"201912","164391","A","02","02","03","41360",999,999,9999999
"201912","164391","A","02","02","03","41463",999,999,9999999
"201912","164391","A","02","02","03","41465",999,999,9999999
"201912","164391","A","02","02","03","41480",999,999,9999999
"201912","164391","A","02","02","03","41610",999,999,9999999
"201912","164391","A","02","02","03","44180",999,999,9999999
"201912","164391","A","02","02","03","46150",999,999,9999999
"201912","164391","A","02","02","03","47770",999,999,9999999
"201912","164391","E","02","02","03","11650651",999,999,9999999
"201912","164391","E","02","02","03","11680545",999,999,9999999
"201912","164391","E","02","02","03","11680565",999,999,9999999
"201912","164391","E","02","02","03","11680720",999,999,9999999
"201912","164391","E","02","02","03","28237",999,999,9999999
"201912","164391","E","02","02","03","46150",999,999,9999999
"201912","164391","L","02","02","03","11680521",999,999,9999999
"201912","164391","A","02","02","04","11140645",999,999,9999999
"201912","164391","A","02","02","04","11170630",999,999,9999999
"201912","164391","A","02","02","04","11380530",999,999,9999999
"201912","164391","A","02","02","04","11500535",999,999,9999999
"201912","164391","A","02","02","04","11530740",999,999,9999999
"201912","164391","A","02","02","04","11650560",999,999,9999999
"201912","164391","A","02","02","04","11650651",999,999,9999999
"201912","164391","A","02","02","04","11680545",999,999,9999999
"201912","164391","A","02","02","04","11710600",999,999,9999999
"201912","164391","A","02","02","04","11740685",999,999,9999999
"201912","164391","A","02","02","04","26290",999,999,9999999
"201912","164391","A","02","02","04","41113",999,999,9999999
"201912","164391","A","02","02","04","41610",999,999,9999999
"201912","164391","A","02","02","04","41650",999,999,9999999
"201912","164391","A","02","02","04","45111",999,999,9999999
"201912","164391","A","02","02","04","48240",999,999,9999999
"201912","164391","B","02","02","04","41610",999,999,9999999
"201912","164391","E","02","02","04","11380530",999,999,9999999
"201912","164391","E","02","02","04","11650560",999,999,9999999
"201912","164391","E","02","02","04","11680545",999,999,9999999
"201912","164391","E","02","02","04","41135",999,999,9999999
"201912","164391","F","02","02","04","41113",999,999,9999999
"201912","164391","A","02","02","05","11170650",999,999,9999999
"201912","164391","A","02","02","05","11290760",999,999,9999999
"201912","164391","A","02","02","05","11380530",999,999,9999999
"201912","164391","A","02","02","05","11380551",999,999,9999999
"201912","164391","A","02","02","05","11590530",999,999,9999999
"201912","164391","A","02","02","05","11650560",999,999,9999999
"201912","164391","A","02","02","05","11680545",999,999,9999999
"201912","164391","A","02","02","05","11680640",999,999,9999999
"201912","164391","A","02","02","05","11680650",999,999,9999999
"201912","164391","A","02","02","05","26230",999,999,9999999
"201912","164391","A","02","02","05","29200",999,999,9999999
"201912","164391","A","02","02","05","41111",999,999,9999999
"201912","164391","A","02","02","05","41135",999,999,9999999
"201912","164391","A","02","02","05","41550",999,999,9999999
"201912","164391","A","02","02","05","41570",999,999,9999999
"201912","164391","A","02","02","05","41590",999,999,9999999
"201912","164391","A","02","02","05","44180",999,999,9999999
"201912","164391","A","02","02","05","45111",999,999,9999999
"201912","164391","A","02","02","05","45800",999,999,9999999
"201912","164391","A","02","02","05","46150",999,999,9999999
"201912","164391","A","02","02","05","48121",999,999,9999999
"201912","164391","A","02","02","05","48240",999,999,9999999
"201912","164391","A","02","02","05","48250",999,999,9999999
"201912","164391","B","02","02","05","11680545",999,999,9999999
"201912","164391","B","02","02","05","11680650",999,999,9999999
"201912","164391","B","02","02","05","26230",999,999,9999999
"201912","164391","B","02","02","05","41550",999,999,9999999
"201912","164391","B","02","02","05","44180",999,999,9999999
"201912","164391","E","02","02","05","11380530",999,999,9999999
"201912","164391","E","02","02","05","11590530",999,999,9999999
"201912","164391","E","02","02","05","11680545",999,999,9999999
"201912","164391","E","02","02","05","11680640",999,999,9999999
"201912","164391","E","02","02","05","41111",999,999,9999999
"201912","164391","E","02","02","05","41135",999,999,9999999
"201912","164391","E","02","02","05","45111",999,999,9999999
"201912","164391","E","02","02","05","48121",999,999,9999999
"201912","164391","A","02","02","06","11170650",999,999,9999999
"201912","164391","A","02","02","06","11380530",999,999,9999999
"201912","164391","A","02","02","06","11680545",999,999,9999999
"201912","164391","A","02","02","06","11680640",999,999,9999999
"201912","164391","A","02","02","06","11680700",999,999,9999999
"201912","164391","A","02","02","06","41111",999,999,9999999
"201912","164391","A","02","02","06","41173",999,999,9999999
"201912","164391","A","02","02","06","41287",999,999,9999999
"201912","164391","A","02","02","06","41550",999,999,9999999
"201912","164391","A","02","02","06","41570",999,999,9999999
"201912","164391","A","02","02","06","41590",999,999,9999999
"201912","164391","A","02","02","06","41610",999,999,9999999
"201912","164391","A","02","02","06","46150",999,999,9999999
"201912","164391","A","02","02","06","48121",999,999,9999999
"201912","164391","A","02","02","06","48250",999,999,9999999
"201912","164391","B","02","02","06","11680545",999,999,9999999
"201912","164391","B","02","02","06","11680640",999,999,9999999
"201912","164391","E","02","02","06","11380530",999,999,9999999
"201912","164391","E","02","02","06","11680545",999,999,9999999
"201912","164391","E","02","02","06","41111",999,999,9999999
"201912","164391","E","02","02","06","41173",999,999,9999999
"201912","164391","E","02","02","06","46150",999,999,9999999
"201912","164391","A","02","03","02","11320521",999,999,9999999
"201912","164391","A","02","03","02","11440590",999,999,9999999
"201912","164391","A","02","03","02","11500611",999,999,9999999
"201912","164391","A","02","03","02","11560540",999,999,9999999
"201912","164391","A","02","03","02","11650590",999,999,9999999
"201912","164391","A","02","03","02","11680510",999,999,9999999
"201912","164391","A","02","03","02","11680521",999,999,9999999
"201912","164391","A","02","03","02","11680531",999,999,9999999
"201912","164391","A","02","03","02","11680545",999,999,9999999
"201912","164391","A","02","03","02","11680640",999,999,9999999
"201912","164391","A","02","03","02","11740660",999,999,9999999
"201912","164391","A","02","03","02","28185",999,999,9999999
"201912","164391","A","02","03","02","41370",999,999,9999999
"201912","164391","B","02","03","02","11680521",999,999,9999999
"201912","164391","B","02","03","02","11680640",999,999,9999999
"201912","164391","E","02","03","02","11500611",999,999,9999999
"201912","164391","E","02","03","02","11740660",999,999,9999999
"201912","164391","E","02","03","02","28185",999,999,9999999
"201912","164391","L","02","03","02","11560540",999,999,9999999
"201912","164391","A","02","03","03","11110700",999,999,9999999
"201912","164391","A","02","03","03","11170555",999,999,9999999
"201912","164391","A","02","03","03","11230730",999,999,9999999
"201912","164391","A","02","03","03","11260540",999,999,9999999
"201912","164391","A","02","03","03","11260690",999,999,9999999
"201912","164391","A","02","03","03","11305660",999,999,9999999
"201912","164391","A","02","03","03","11350640",999,999,9999999
"201912","164391","A","02","03","03","11380551",999,999,9999999
"201912","164391","A","02","03","03","11380632",999,999,9999999
"201912","164391","A","02","03","03","11440585",999,999,9999999
"201912","164391","A","02","03","03","11440590",999,999,9999999
"201912","164391","A","02","03","03","11530520",999,999,9999999
"201912","164391","A","02","03","03","11560630",999,999,9999999
"201912","164391","A","02","03","03","11560720",999,999,9999999
"201912","164391","A","02","03","03","11590651",999,999,9999999
"201912","164391","A","02","03","03","11650540",999,999,9999999
"201912","164391","A","02","03","03","11680510",999,999,9999999
"201912","164391","A","02","03","03","11680531",999,999,9999999
"201912","164391","A","02","03","03","11680545",999,999,9999999
"201912","164391","A","02","03","03","11680610",999,999,9999999
"201912","164391","A","02","03","03","11710562",999,999,9999999
"201912","164391","A","02","03","03","11710580",999,999,9999999
"201912","164391","A","02","03","03","11710620",999,999,9999999
"201912","164391","A","02","03","03","11710670",999,999,9999999
"201912","164391","A","02","03","03","11740540",999,999,9999999
"201912","164391","A","02","03","03","27200",999,999,9999999
"201912","164391","A","02","03","03","28185",999,999,9999999
"201912","164391","A","02","03","03","29155",999,999,9999999
"201912","164391","A","02","03","03","41111",999,999,9999999
"201912","164391","A","02","03","03","41131",999,999,9999999
"201912","164391","A","02","03","03","41133",999,999,9999999
"201912","164391","A","02","03","03","41210",999,999,9999999
"201912","164391","A","02","03","03","41273",999,999,9999999
"201912","164391","A","02","03","03","41465",999,999,9999999
"201912","164391","B","02","03","03","11560630",999,999,9999999
"201912","164391","B","02","03","03","11680545",999,999,9999999
"201912","164391","B","02","03","03","11740580",999,999,9999999
"201912","164391","B","02","03","03","27200",999,999,9999999
"201912","164391","B","02","03","03","29155",999,999,9999999
"201912","164391","E","02","03","03","11260690",999,999,9999999
"201912","164391","E","02","03","03","11500590",999,999,9999999
"201912","164391","E","02","03","03","11650540",999,999,9999999
"201912","164391","E","02","03","03","11680545",999,999,9999999
"201912","164391","E","02","03","03","41273",999,999,9999999
"201912","164391","L","02","03","03","11500590",999,999,9999999
"201912","164391","A","02","03","04","11110580",999,999,9999999
"201912","164391","A","02","03","04","11140635",999,999,9999999
"201912","164391","A","02","03","04","11200690",999,999,9999999
"201912","164391","A","02","03","04","11215780",999,999,9999999
"201912","164391","A","02","03","04","11215850",999,999,9999999
"201912","164391","A","02","03","04","11230610",999,999,9999999
"201912","164391","A","02","03","04","11260690",999,999,9999999
"201912","164391","A","02","03","04","11290780",999,999,9999999
"201912","164391","A","02","03","04","11380690",999,999,9999999
"201912","164391","A","02","03","04","11410520",999,999,9999999
"201912","164391","A","02","03","04","11440585",999,999,9999999
"201912","164391","A","02","03","04","11440590",999,999,9999999
"201912","164391","A","02","03","04","11440600",999,999,9999999
"201912","164391","A","02","03","04","11560540",999,999,9999999
"201912","164391","A","02","03","04","11590630",999,999,9999999
"201912","164391","A","02","03","04","11620665",999,999,9999999
"201912","164391","A","02","03","04","11680510",999,999,9999999
"201912","164391","A","02","03","04","11680545",999,999,9999999
"201912","164391","A","02","03","04","11680565",999,999,9999999
"201912","164391","A","02","03","04","11680610",999,999,9999999
"201912","164391","A","02","03","04","11680640",999,999,9999999
"201912","164391","A","02","03","04","11680720",999,999,9999999
"201912","164391","A","02","03","04","11710562",999,999,9999999
"201912","164391","A","02","03","04","11710670",999,999,9999999
"201912","164391","A","02","03","04","27200",999,999,9999999
"201912","164391","A","02","03","04","41111",999,999,9999999
"201912","164391","A","02","03","04","41273",999,999,9999999
"201912","164391","A","02","03","04","41370",999,999,9999999
"201912","164391","A","02","03","04","41450",999,999,9999999
"201912","164391","A","02","03","04","41465",999,999,9999999
"201912","164391","A","02","03","04","44180",999,999,9999999
"201912","164391","B","02","03","04","11215850",999,999,9999999
"201912","164391","B","02","03","04","11380690",999,999,9999999
"201912","164391","B","02","03","04","11680545",999,999,9999999
"201912","164391","B","02","03","04","27200",999,999,9999999
"201912","164391","E","02","03","04","11290780",999,999,9999999
"201912","164391","E","02","03","04","11590630",999,999,9999999
"201912","164391","E","02","03","04","11680510",999,999,9999999
"201912","164391","E","02","03","04","11680545",999,999,9999999
"201912","164391","E","02","03","04","11680640",999,999,9999999
"201912","164391","E","02","03","04","41273",999,999,9999999
"201912","164391","E","02","03","04","41465",999,999,9999999
"201912","164391","A","02","03","05","11110700",999,999,9999999
"201912","164391","A","02","03","05","11140615",999,999,9999999
"201912","164391","A","02","03","05","11170555",999,999,9999999
"201912","164391","A","02","03","05","11200550",999,999,9999999
"201912","164391","A","02","03","05","11200580",999,999,9999999
"201912","164391","A","02","03","05","11200620",999,999,9999999
"201912","164391","A","02","03","05","11215710",999,999,9999999
"201912","164391","A","02","03","05","11215780",999,999,9999999
"201912","164391","A","02","03","05","11215850",999,999,9999999
"201912","164391","A","02","03","05","11230536",999,999,9999999
"201912","164391","A","02","03","05","11230730",999,999,9999999
"201912","164391","A","02","03","05","11290780",999,999,9999999
"201912","164391","A","02","03","05","11380570",999,999,9999999
"201912","164391","A","02","03","05","11380632",999,999,9999999
"201912","164391","A","02","03","05","11440590",999,999,9999999
"201912","164391","A","02","03","05","11440600",999,999,9999999
"201912","164391","A","02","03","05","11470630",999,999,9999999
"201912","164391","A","02","03","05","11500520",999,999,9999999
"201912","164391","A","02","03","05","11560620",999,999,9999999
"201912","164391","A","02","03","05","11560630",999,999,9999999
"201912","164391","A","02","03","05","11560670",999,999,9999999
"201912","164391","A","02","03","05","11590630",999,999,9999999
"201912","164391","A","02","03","05","11650520",999,999,9999999
"201912","164391","A","02","03","05","11650590",999,999,9999999
"201912","164391","A","02","03","05","11650660",999,999,9999999
"201912","164391","A","02","03","05","11680510",999,999,9999999
"201912","164391","A","02","03","05","11680521",999,999,9999999
"201912","164391","A","02","03","05","11680531",999,999,9999999
"201912","164391","A","02","03","05","11680545",999,999,9999999
"201912","164391","A","02","03","05","11680565",999,999,9999999
"201912","164391","A","02","03","05","11680590",999,999,9999999
"201912","164391","A","02","03","05","11680640",999,999,9999999
"201912","164391","A","02","03","05","11680720",999,999,9999999
"201912","164391","A","02","03","05","11680750",999,999,9999999
"201912","164391","A","02","03","05","11710562",999,999,9999999
"201912","164391","A","02","03","05","26140",999,999,9999999
"201912","164391","A","02","03","05","26260",999,999,9999999
"201912","164391","A","02","03","05","27200",999,999,9999999
"201912","164391","A","02","03","05","28185",999,999,9999999
"201912","164391","A","02","03","05","28237",999,999,9999999
"201912","164391","A","02","03","05","29140",999,999,9999999
"201912","164391","A","02","03","05","31110",999,999,9999999
"201912","164391","A","02","03","05","41150",999,999,9999999
"201912","164391","A","02","03","05","41271",999,999,9999999
"201912","164391","A","02","03","05","41281",999,999,9999999
"201912","164391","A","02","03","05","41360",999,999,9999999
"201912","164391","A","02","03","05","41463",999,999,9999999
"201912","164391","A","02","03","05","41465",999,999,9999999
"201912","164391","A","02","03","05","41590",999,999,9999999
"201912","164391","A","02","03","05","42790",999,999,9999999
"201912","164391","A","02","03","05","43112",999,999,9999999
"201912","164391","A","02","03","05","46150",999,999,9999999
"201912","164391","B","02","03","05","11215780",999,999,9999999
"201912","164391","B","02","03","05","11380570",999,999,9999999
"201912","164391","B","02","03","05","11380632",999,999,9999999
"201912","164391","B","02","03","05","11440590",999,999,9999999
"201912","164391","B","02","03","05","11560630",999,999,9999999
"201912","164391","B","02","03","05","11650660",999,999,9999999
"201912","164391","B","02","03","05","11680510",999,999,9999999
"201912","164391","B","02","03","05","11680545",999,999,9999999
"201912","164391","B","02","03","05","11680565",999,999,9999999
"201912","164391","B","02","03","05","11680640",999,999,9999999
"201912","164391","B","02","03","05","11710610",999,999,9999999
"201912","164391","B","02","03","05","26260",999,999,9999999
"201912","164391","B","02","03","05","27200",999,999,9999999
"201912","164391","B","02","03","05","28185",999,999,9999999
"201912","164391","B","02","03","05","29140",999,999,9999999
"201912","164391","B","02","03","05","41465",999,999,9999999
"201912","164391","E","02","03","05","11230610",999,999,9999999
"201912","164391","E","02","03","05","11230730",999,999,9999999
"201912","164391","E","02","03","05","11380570",999,999,9999999
"201912","164391","E","02","03","05","11590630",999,999,9999999
"201912","164391","E","02","03","05","11650520",999,999,9999999
"201912","164391","E","02","03","05","11680510",999,999,9999999
"201912","164391","E","02","03","05","11680531",999,999,9999999
"201912","164391","E","02","03","05","11680545",999,999,9999999
"201912","164391","E","02","03","05","11680590",999,999,9999999
"201912","164391","E","02","03","05","11680750",999,999,9999999
"201912","164391","E","02","03","05","28185",999,999,9999999
"201912","164391","E","02","03","05","41150",999,999,9999999
"201912","164391","E","02","03","05","41463",999,999,9999999
"201912","164391","L","02","03","05","11680545",999,999,9999999
"201912","164391","A","02","03","06","11170625",999,999,9999999
"201912","164391","A","02","03","06","11170660",999,999,9999999
"201912","164391","A","02","03","06","11200550",999,999,9999999
"201912","164391","A","02","03","06","11290780",999,999,9999999
"201912","164391","A","02","03","06","11380570",999,999,9999999
"201912","164391","A","02","03","06","11380690",999,999,9999999
"201912","164391","A","02","03","06","11440590",999,999,9999999
"201912","164391","A","02","03","06","11440600",999,999,9999999
"201912","164391","A","02","03","06","11560630",999,999,9999999
"201912","164391","A","02","03","06","11650560",999,999,9999999
"201912","164391","A","02","03","06","11680510",999,999,9999999
"201912","164391","A","02","03","06","11680531",999,999,9999999
"201912","164391","A","02","03","06","11680545",999,999,9999999
"201912","164391","A","02","03","06","11680565",999,999,9999999
"201912","164391","A","02","03","06","11680720",999,999,9999999
"201912","164391","A","02","03","06","11710562",999,999,9999999
"201912","164391","A","02","03","06","26140",999,999,9999999
"201912","164391","A","02","03","06","41111",999,999,9999999
"201912","164391","A","02","03","06","41570",999,999,9999999
"201912","164391","A","02","03","06","46110",999,999,9999999
"201912","164391","A","02","03","06","50110",999,999,9999999
"201912","164391","B","02","03","06","11380570",999,999,9999999
"201912","164391","B","02","03","06","11560630",999,999,9999999
"201912","164391","B","02","03","06","11680510",999,999,9999999
"201912","164391","B","02","03","06","11680545",999,999,9999999
"201912","164391","B","02","03","06","41570",999,999,9999999
"201912","164391","E","02","03","06","11170625",999,999,9999999
"201912","164391","E","02","03","06","11380570",999,999,9999999
"201912","164391","E","02","03","06","11650560",999,999,9999999
"201912","164391","E","02","03","06","11680510",999,999,9999999
"201912","164391","E","02","03","06","11680545",999,999,9999999
"201912","164391","E","02","03","06","41465",999,999,9999999
"201912","164391","E","02","03","06","50110",999,999,9999999
"201912","164391","A","02","04","02","11260680",999,999,9999999
"201912","164391","A","02","04","02","11350595",999,999,9999999
"201912","164391","A","02","04","02","11350625",999,999,9999999
"201912","164391","A","02","04","02","11380690",999,999,9999999
"201912","164391","A","02","04","02","11680545",999,999,9999999
"201912","164391","A","02","04","02","11680565",999,999,9999999
"201912","164391","A","02","04","02","31140",999,999,9999999
"201912","164391","A","02","04","02","41360",999,999,9999999
"201912","164391","E","02","04","02","11260680",999,999,9999999
"201912","164391","E","02","04","02","11680545",999,999,9999999
"201912","164391","E","02","04","02","11680565",999,999,9999999
"201912","164391","A","02","04","03","11110615",999,999,9999999
"201912","164391","A","02","04","03","11200535",999,999,9999999
"201912","164391","A","02","04","03","11200550",999,999,9999999
"201912","164391","A","02","04","03","11215820",999,999,9999999
"201912","164391","A","02","04","03","11290590",999,999,9999999
"201912","164391","A","02","04","03","11290810",999,999,9999999
"201912","164391","A","02","04","03","11305645",999,999,9999999
"201912","164391","A","02","04","03","11350595",999,999,9999999
"201912","164391","A","02","04","03","11350600",999,999,9999999
"201912","164391","A","02","04","03","11380552",999,999,9999999
"201912","164391","A","02","04","03","11380600",999,999,9999999
"201912","164391","A","02","04","03","11380650",999,999,9999999
"201912","164391","A","02","04","03","11380690",999,999,9999999
"201912","164391","A","02","04","03","11410660",999,999,9999999
"201912","164391","A","02","04","03","11440590",999,999,9999999
"201912","164391","A","02","04","03","11545510",999,999,9999999
"201912","164391","A","02","04","03","11590660",999,999,9999999
"201912","164391","A","02","04","03","11620545",999,999,9999999
"201912","164391","A","02","04","03","11680545",999,999,9999999
"201912","164391","A","02","04","03","11680565",999,999,9999999
"201912","164391","A","02","04","03","11680655",999,999,9999999
"201912","164391","A","02","04","03","31140",999,999,9999999
"201912","164391","A","02","04","03","41131",999,999,9999999
"201912","164391","A","02","04","03","41133",999,999,9999999
"201912","164391","A","02","04","03","41173",999,999,9999999
"201912","164391","A","02","04","03","41271",999,999,9999999
"201912","164391","A","02","04","03","41281",999,999,9999999
"201912","164391","A","02","04","03","41360",999,999,9999999
"201912","164391","A","02","04","03","41430",999,999,9999999
"201912","164391","A","02","04","03","41463",999,999,9999999
"201912","164391","A","02","04","03","44133",999,999,9999999
"201912","164391","A","02","04","03","46110",999,999,9999999
"201912","164391","A","02","04","03","50130",999,999,9999999
"201912","164391","B","02","04","03","11680545",999,999,9999999
"201912","164391","B","02","04","03","41271",999,999,9999999
"201912","164391","E","02","04","03","11200550",999,999,9999999
"201912","164391","E","02","04","03","11215820",999,999,9999999
"201912","164391","E","02","04","03","11215850",999,999,9999999
"201912","164391","E","02","04","03","11305645",999,999,9999999
"201912","164391","E","02","04","03","11440590",999,999,9999999
"201912","164391","E","02","04","03","11440690",999,999,9999999
"201912","164391","E","02","04","03","11470510",999,999,9999999
"201912","164391","E","02","04","03","11680545",999,999,9999999
"201912","164391","E","02","04","03","11680565",999,999,9999999
"201912","164391","E","02","04","03","41173",999,999,9999999
"201912","164391","E","02","04","03","41360",999,999,9999999
"201912","164391","E","02","04","03","50130",999,999,9999999
"201912","164391","L","02","04","03","11620545",999,999,9999999
"201912","164391","A","02","04","04","11110515",999,999,9999999
"201912","164391","A","02","04","04","11110530",999,999,9999999
"201912","164391","A","02","04","04","11110615",999,999,9999999
"201912","164391","A","02","04","04","11110650",999,999,9999999
"201912","164391","A","02","04","04","11140625",999,999,9999999
"201912","164391","A","02","04","04","11200535",999,999,9999999
"201912","164391","A","02","04","04","11200570",999,999,9999999
"201912","164391","A","02","04","04","11200580",999,999,9999999
"201912","164391","A","02","04","04","11200690",999,999,9999999
"201912","164391","A","02","04","04","11200790",999,999,9999999
"201912","164391","A","02","04","04","11260565",999,999,9999999
"201912","164391","A","02","04","04","11290590",999,999,9999999
"201912","164391","A","02","04","04","11350710",999,999,9999999
"201912","164391","A","02","04","04","11380570",999,999,9999999
"201912","164391","A","02","04","04","11440590",999,999,9999999
"201912","164391","A","02","04","04","11560620",999,999,9999999
"201912","164391","A","02","04","04","11650540",999,999,9999999
"201912","164391","A","02","04","04","11680510",999,999,9999999
"201912","164391","A","02","04","04","11680521",999,999,9999999
"201912","164391","A","02","04","04","11680531",999,999,9999999
"201912","164391","A","02","04","04","11680545",999,999,9999999
"201912","164391","A","02","04","04","11680610",999,999,9999999
"201912","164391","A","02","04","04","11710566",999,999,9999999
"201912","164391","A","02","04","04","11710670",999,999,9999999
"201912","164391","A","02","04","04","41135",999,999,9999999
"201912","164391","A","02","04","04","41173",999,999,9999999
"201912","164391","A","02","04","04","41271",999,999,9999999
"201912","164391","A","02","04","04","41281",999,999,9999999
"201912","164391","A","02","04","04","41287",999,999,9999999
"201912","164391","A","02","04","04","41310",999,999,9999999
"201912","164391","A","02","04","04","41360",999,999,9999999
"201912","164391","A","02","04","04","41430",999,999,9999999
"201912","164391","A","02","04","04","41465",999,999,9999999
"201912","164391","A","02","04","04","41610",999,999,9999999
"201912","164391","A","02","04","04","44270",999,999,9999999
"201912","164391","A","02","04","04","46110",999,999,9999999
"201912","164391","A","02","04","04","50110",999,999,9999999
"201912","164391","A","02","04","04","50130",999,999,9999999
"201912","164391","B","02","04","04","11680521",999,999,9999999
"201912","164391","B","02","04","04","11680545",999,999,9999999
"201912","164391","B","02","04","04","41271",999,999,9999999
"201912","164391","E","02","04","04","11110515",999,999,9999999
"201912","164391","E","02","04","04","11200690",999,999,9999999
"201912","164391","E","02","04","04","11230740",999,999,9999999
"201912","164391","E","02","04","04","11440590",999,999,9999999
"201912","164391","E","02","04","04","11680510",999,999,9999999
"201912","164391","E","02","04","04","11680545",999,999,9999999
"201912","164391","E","02","04","04","11680610",999,999,9999999
"201912","164391","E","02","04","04","11710532",999,999,9999999
"201912","164391","E","02","04","04","41271",999,999,9999999
"201912","164391","E","02","04","04","46110",999,999,9999999
"201912","164391","L","02","04","04","11680545",999,999,9999999
"201912","164391","A","02","04","05","11110615",999,999,9999999
"201912","164391","A","02","04","05","11140645",999,999,9999999
"201912","164391","A","02","04","05","11140665",999,999,9999999
"201912","164391","A","02","04","05","11200540",999,999,9999999
"201912","164391","A","02","04","05","11200690",999,999,9999999
"201912","164391","A","02","04","05","11215847",999,999,9999999
"201912","164391","A","02","04","05","11260520",999,999,9999999
"201912","164391","A","02","04","05","11290590",999,999,9999999
"201912","164391","A","02","04","05","11350595",999,999,9999999
"201912","164391","A","02","04","05","11350710",999,999,9999999
"201912","164391","A","02","04","05","11380520",999,999,9999999
"201912","164391","A","02","04","05","11380600",999,999,9999999
"201912","164391","A","02","04","05","11440590",999,999,9999999
"201912","164391","A","02","04","05","11470600",999,999,9999999
"201912","164391","A","02","04","05","11590510",999,999,9999999
"201912","164391","A","02","04","05","11650531",999,999,9999999
"201912","164391","A","02","04","05","11650540",999,999,9999999
"201912","164391","A","02","04","05","11650550",999,999,9999999
"201912","164391","A","02","04","05","11650570",999,999,9999999
"201912","164391","A","02","04","05","11650580",999,999,9999999
"201912","164391","A","02","04","05","11650651",999,999,9999999
"201912","164391","A","02","04","05","11680510",999,999,9999999
"201912","164391","A","02","04","05","11680521",999,999,9999999
"201912","164391","A","02","04","05","11680531",999,999,9999999
"201912","164391","A","02","04","05","11680545",999,999,9999999
"201912","164391","A","02","04","05","11680565",999,999,9999999
"201912","164391","A","02","04","05","11680610",999,999,9999999
"201912","164391","A","02","04","05","11680655",999,999,9999999
"201912","164391","A","02","04","05","11710566",999,999,9999999
"201912","164391","A","02","04","05","11710670",999,999,9999999
"201912","164391","A","02","04","05","26260",999,999,9999999
"201912","164391","A","02","04","05","26350",999,999,9999999
"201912","164391","A","02","04","05","30200",999,999,9999999
"201912","164391","A","02","04","05","31170",999,999,9999999
"201912","164391","A","02","04","05","41111",999,999,9999999
"201912","164391","A","02","04","05","41117",999,999,9999999
"201912","164391","A","02","04","05","41135",999,999,9999999
"201912","164391","A","02","04","05","41190",999,999,9999999
"201912","164391","A","02","04","05","41210",999,999,9999999
"201912","164391","A","02","04","05","41271",999,999,9999999
"201912","164391","A","02","04","05","41287",999,999,9999999
"201912","164391","A","02","04","05","41360",999,999,9999999
"201912","164391","A","02","04","05","41430",999,999,9999999
"201912","164391","A","02","04","05","41465",999,999,9999999
"201912","164391","A","02","04","05","41610",999,999,9999999
"201912","164391","A","02","04","05","46110",999,999,9999999
"201912","164391","A","02","04","05","50110",999,999,9999999
"201912","164391","A","02","04","05","50130",999,999,9999999
"201912","164391","B","02","04","05","11350710",999,999,9999999
"201912","164391","B","02","04","05","11440655",999,999,9999999
"201912","164391","B","02","04","05","11470600",999,999,9999999
"201912","164391","B","02","04","05","11650550",999,999,9999999
"201912","164391","B","02","04","05","11680531",999,999,9999999
"201912","164391","B","02","04","05","11680545",999,999,9999999
"201912","164391","B","02","04","05","41190",999,999,9999999
"201912","164391","B","02","04","05","41271",999,999,9999999
"201912","164391","B","02","04","05","41465",999,999,9999999
"201912","164391","B","02","04","05","50110",999,999,9999999
"201912","164391","C","02","04","05","11380520",999,999,9999999
"201912","164391","E","02","04","05","11350710",999,999,9999999
"201912","164391","E","02","04","05","11440590",999,999,9999999
"201912","164391","E","02","04","05","11650540",999,999,9999999
"201912","164391","E","02","04","05","11680510",999,999,9999999
"201912","164391","E","02","04","05","11680545",999,999,9999999
"201912","164391","E","02","04","05","11680565",999,999,9999999
"201912","164391","E","02","04","05","11680610",999,999,9999999
"201912","164391","E","02","04","05","26260",999,999,9999999
"201912","164391","E","02","04","05","41465",999,999,9999999
"201912","164391","E","02","04","05","41610",999,999,9999999
"201912","164391","L","02","04","05","11680545",999,999,9999999
"201912","164391","L","02","04","05","11680610",999,999,9999999
"201912","164391","L","02","04","05","26260",999,999,9999999
"201912","164391","L","02","04","05","41190",999,999,9999999
"201912","164391","A","02","04","06","11110615",999,999,9999999
"201912","164391","A","02","04","06","11170685",999,999,9999999
"201912","164391","A","02","04","06","11200690",999,999,9999999
"201912","164391","A","02","04","06","11350595",999,999,9999999
"201912","164391","A","02","04","06","11440590",999,999,9999999
"201912","164391","A","02","04","06","11545510",999,999,9999999
"201912","164391","A","02","04","06","11650540",999,999,9999999
"201912","164391","A","02","04","06","11680510",999,999,9999999
"201912","164391","A","02","04","06","11680521",999,999,9999999
"201912","164391","A","02","04","06","11680531",999,999,9999999
"201912","164391","A","02","04","06","11680545",999,999,9999999
"201912","164391","A","02","04","06","11680610",999,999,9999999
"201912","164391","A","02","04","06","26260",999,999,9999999
"201912","164391","A","02","04","06","28185",999,999,9999999
"201912","164391","A","02","04","06","41190",999,999,9999999
"201912","164391","A","02","04","06","41430",999,999,9999999
"201912","164391","A","02","04","06","41610",999,999,9999999
"201912","164391","A","02","04","06","45113",999,999,9999999
"201912","164391","A","02","04","06","46110",999,999,9999999
"201912","164391","A","02","04","06","50130",999,999,9999999
"201912","164391","B","02","04","06","11110615",999,999,9999999
"201912","164391","B","02","04","06","11350595",999,999,9999999
"201912","164391","B","02","04","06","11680510",999,999,9999999
"201912","164391","B","02","04","06","11680545",999,999,9999999
"201912","164391","B","02","04","06","41610",999,999,9999999
"201912","164391","E","02","04","06","11110615",999,999,9999999
"201912","164391","E","02","04","06","11440590",999,999,9999999
"201912","164391","E","02","04","06","11680545",999,999,9999999
"201912","164391","E","02","04","06","26260",999,999,9999999
"201912","164391","E","02","04","06","41450",999,999,9999999
"201912","164391","E","02","04","06","41610",999,999,9999999
"201912","164391","E","02","04","06","43113",999,999,9999999
"201912","164391","E","02","04","06","45113",999,999,9999999
"201912","164391","E","02","04","06","46110",999,999,9999999
"201912","164391","L","02","04","06","11110615",999,999,9999999
"201912","164391","L","02","04","06","26260",999,999,9999999
"201912","164391","L","02","04","06","41190",999,999,9999999
"201912","164391","L","02","04","06","45113",999,999,9999999
"201912","164391","A","02","05","02","11560540",999,999,9999999
"201912","164391","A","02","05","02","11680510",999,999,9999999
"201912","164391","A","02","05","02","11680545",999,999,9999999
"201912","164391","A","02","05","02","41135",999,999,9999999
"201912","164391","A","02","05","02","41310",999,999,9999999
"201912","164391","A","02","05","02","41830",999,999,9999999
"201912","164391","B","02","05","02","11680610",999,999,9999999
"201912","164391","E","02","05","02","11680510",999,999,9999999
"201912","164391","E","02","05","02","11680545",999,999,9999999
"201912","164391","A","02","05","03","11110515",999,999,9999999
"201912","164391","A","02","05","03","11170555",999,999,9999999
"201912","164391","A","02","05","03","11290620",999,999,9999999
"201912","164391","A","02","05","03","11380530",999,999,9999999
"201912","164391","A","02","05","03","11410555",999,999,9999999
"201912","164391","A","02","05","03","11410655",999,999,9999999
"201912","164391","A","02","05","03","11470610",999,999,9999999
"201912","164391","A","02","05","03","11620765",999,999,9999999
"201912","164391","A","02","05","03","11650520",999,999,9999999
"201912","164391","A","02","05","03","11680531",999,999,9999999
"201912","164391","A","02","05","03","11680545",999,999,9999999
"201912","164391","A","02","05","03","11680610",999,999,9999999
"201912","164391","A","02","05","03","11710720",999,999,9999999
"201912","164391","A","02","05","03","41131",999,999,9999999
"201912","164391","A","02","05","03","41135",999,999,9999999
"201912","164391","A","02","05","03","41360",999,999,9999999
"201912","164391","A","02","05","03","41463",999,999,9999999
"201912","164391","A","02","05","03","41500",999,999,9999999
"201912","164391","A","02","05","03","41610",999,999,9999999
"201912","164391","A","02","05","03","41830",999,999,9999999
"201912","164391","A","02","05","03","47130",999,999,9999999
"201912","164391","A","02","05","03","48240",999,999,9999999
"201912","164391","B","02","05","03","11590651",999,999,9999999
"201912","164391","B","02","05","03","11620765",999,999,9999999
"201912","164391","B","02","05","03","41360",999,999,9999999
"201912","164391","B","02","05","03","47130",999,999,9999999
"201912","164391","E","02","05","03","11110515",999,999,9999999
"201912","164391","E","02","05","03","11680531",999,999,9999999
"201912","164391","E","02","05","03","11680545",999,999,9999999
