"시점","성별","연령계층별",취업자 (천명),실업자 (천명),실업률 (%),고용률 (%)
"2018. 01","계","계",26213,1020,3.7,59.5
"2018. 01","계","20 - 29세",3655,342,8.6,57.3
"2018. 01","계","30 - 39세",5626,177,3.1,75.7
"2018. 01","계","40 - 49세",6705,153,2.2,79.0
"2018. 01","계","50 - 59세",6267,139,2.2,74.5
"2018. 01","계","60세이상",3727,180,4.6,35.4
"2018. 01","남자","계",15179,582,3.7,70.1
"2018. 01","남자","20 - 29세",1771,175,9.0,56.2
"2018. 01","남자","30 - 39세",3469,107,3.0,90.3
"2018. 01","남자","40 - 49세",3948,84,2.1,91.9
"2018. 01","남자","50 - 59세",3640,93,2.5,86.6
"2018. 01","남자","60세이상",2244,107,4.6,47.7
"2018. 01","여자","계",11034,438,3.8,49.2
"2018. 01","여자","20 - 29세",1884,167,8.1,58.3
"2018. 01","여자","30 - 39세",2157,70,3.1,60.1
"2018. 01","여자","40 - 49세",2757,69,2.4,65.7
"2018. 01","여자","50 - 59세",2627,46,1.7,62.5
"2018. 01","여자","60세이상",1482,73,4.7,25.4
"2018. 02","계","계",26083,1265,4.6,59.2
"2018. 02","계","20 - 29세",3654,390,9.6,57.2
"2018. 02","계","30 - 39세",5596,182,3.2,75.4
"2018. 02","계","40 - 49세",6658,178,2.6,78.5
"2018. 02","계","50 - 59세",6213,162,2.5,73.9
"2018. 02","계","60세이상",3730,322,8.0,35.3
"2018. 02","남자","계",15101,684,4.3,69.7
"2018. 02","남자","20 - 29세",1769,192,9.8,56.1
"2018. 02","남자","30 - 39세",3452,109,3.1,90.0
"2018. 02","남자","40 - 49세",3933,101,2.5,91.6
"2018. 02","남자","50 - 59세",3601,108,2.9,85.6
"2018. 02","남자","60세이상",2243,158,6.6,47.5
"2018. 02","여자","계",10982,582,5.0,48.9
"2018. 02","여자","20 - 29세",1884,198,9.5,58.3
"2018. 02","여자","30 - 39세",2144,73,3.3,59.8
"2018. 02","여자","40 - 49세",2725,77,2.7,65.1
"2018. 02","여자","50 - 59세",2612,55,2.0,62.1
"2018. 02","여자","60세이상",1487,164,9.9,25.4
"2018. 03","계","계",26555,1257,4.5,60.2
"2018. 03","계","20 - 29세",3644,479,11.6,57.2
"2018. 03","계","30 - 39세",5597,214,3.7,75.5
"2018. 03","계","40 - 49세",6664,190,2.8,78.6
"2018. 03","계","50 - 59세",6271,182,2.8,74.5
"2018. 03","계","60세이상",4165,164,3.8,39.2
"2018. 03","남자","계",15262,742,4.6,70.5
"2018. 03","남자","20 - 29세",1745,253,12.7,55.5
"2018. 03","남자","30 - 39세",3437,138,3.9,89.7
"2018. 03","남자","40 - 49세",3936,107,2.6,91.7
"2018. 03","남자","50 - 59세",3636,120,3.2,86.4
"2018. 03","남자","60세이상",2422,111,4.4,51.0
"2018. 03","여자","계",11292,515,4.4,50.3
"2018. 03","여자","20 - 29세",1900,226,10.6,58.8
"2018. 03","여자","30 - 39세",2160,77,3.4,60.3
"2018. 03","여자","40 - 49세",2728,83,3.0,65.2
"2018. 03","여자","50 - 59세",2636,63,2.3,62.6
"2018. 03","여자","60세이상",1744,53,2.9,29.7
"2018. 04","계","계",26868,1161,4.1,60.9
"2018. 04","계","20 - 29세",3661,439,10.7,57.4
"2018. 04","계","30 - 39세",5624,218,3.7,76.0
"2018. 04","계","40 - 49세",6689,189,2.7,79.0
"2018. 04","계","50 - 59세",6375,171,2.6,75.7
"2018. 04","계","60세이상",4331,122,2.7,40.6
"2018. 04","남자","계",15391,682,4.2,71.0
"2018. 04","남자","20 - 29세",1750,235,11.8,55.6
"2018. 04","남자","30 - 39세",3438,139,3.9,89.9
"2018. 04","남자","40 - 49세",3952,102,2.5,92.2
"2018. 04","남자","50 - 59세",3681,110,2.9,87.5
"2018. 04","남자","60세이상",2488,87,3.4,52.2
"2018. 04","여자","계",11477,479,4.0,51.1
"2018. 04","여자","20 - 29세",1911,204,9.7,59.1
"2018. 04","여자","30 - 39세",2186,80,3.5,61.1
"2018. 04","여자","40 - 49세",2736,87,3.1,65.5
"2018. 04","여자","50 - 59세",2694,61,2.2,63.9
"2018. 04","여자","60세이상",1843,36,1.9,31.3
"2018. 05","계","계",27064,1121,4.0,61.3
"2018. 05","계","20 - 29세",3703,440,10.6,58.0
"2018. 05","계","30 - 39세",5616,215,3.7,76.0
"2018. 05","계","40 - 49세",6697,162,2.4,79.2
"2018. 05","계","50 - 59세",6379,171,2.6,75.7
"2018. 05","계","60세이상",4465,112,2.4,41.7
"2018. 05","남자","계",15474,672,4.2,71.4
"2018. 05","남자","20 - 29세",1774,235,11.7,56.4
"2018. 05","남자","30 - 39세",3423,143,4.0,89.6
"2018. 05","남자","40 - 49세",3952,94,2.3,92.2
"2018. 05","남자","50 - 59세",3696,108,2.8,87.8
"2018. 05","남자","60세이상",2540,81,3.1,53.0
"2018. 05","여자","계",11589,449,3.7,51.6
"2018. 05","여자","20 - 29세",1928,205,9.6,59.6
"2018. 05","여자","30 - 39세",2193,72,3.2,61.5
"2018. 05","여자","40 - 49세",2745,68,2.4,65.7
"2018. 05","여자","50 - 59세",2683,63,2.3,63.6
"2018. 05","여자","60세이상",1925,31,1.6,32.5
"2018. 06","계","계",27126,1034,3.7,61.4
"2018. 06","계","20 - 29세",3715,373,9.1,58.2
"2018. 06","계","30 - 39세",5607,201,3.5,76.0
"2018. 06","계","40 - 49세",6695,159,2.3,79.2
"2018. 06","계","50 - 59세",6390,173,2.6,75.8
"2018. 06","계","60세이상",4511,113,2.4,42.0
"2018. 06","남자","계",15484,603,3.8,71.4
"2018. 06","남자","20 - 29세",1767,208,10.6,56.1
"2018. 06","남자","30 - 39세",3429,114,3.2,89.8
"2018. 06","남자","40 - 49세",3943,96,2.4,92.1
"2018. 06","남자","50 - 59세",3696,106,2.8,87.7
"2018. 06","남자","60세이상",2561,74,2.8,53.2
"2018. 06","여자","계",11642,431,3.6,51.8
"2018. 06","여자","20 - 29세",1948,165,7.8,60.2
"2018. 06","여자","30 - 39세",2179,87,3.8,61.2
"2018. 06","여자","40 - 49세",2751,63,2.3,66.0
"2018. 06","여자","50 - 59세",2695,67,2.4,63.9
"2018. 06","여자","60세이상",1950,39,1.9,32.8
"2018. 07","계","계",27083,1039,3.7,61.3
"2018. 07","계","20 - 29세",3760,382,9.2,58.8
"2018. 07","계","30 - 39세",5563,199,3.5,75.5
"2018. 07","계","40 - 49세",6671,173,2.5,79.1
"2018. 07","계","50 - 59세",6369,159,2.4,75.5
"2018. 07","계","60세이상",4496,100,2.2,41.6
"2018. 07","남자","계",15475,611,3.8,71.3
"2018. 07","남자","20 - 29세",1797,207,10.3,57.0
"2018. 07","남자","30 - 39세",3405,119,3.4,89.3
"2018. 07","남자","40 - 49세",3924,109,2.7,91.8
"2018. 07","남자","50 - 59세",3687,95,2.5,87.4
"2018. 07","남자","60세이상",2558,71,2.7,52.9
"2018. 07","여자","계",11609,428,3.6,51.6
"2018. 07","여자","20 - 29세",1963,175,8.2,60.7
"2018. 07","여자","30 - 39세",2159,80,3.6,60.7
"2018. 07","여자","40 - 49세",2748,64,2.3,66.0
"2018. 07","여자","50 - 59세",2682,64,2.3,63.5
"2018. 07","여자","60세이상",1938,28,1.4,32.5
"2018. 08","계","계",26907,1133,4.0,60.9
"2018. 08","계","20 - 29세",3710,408,9.9,58.0
"2018. 08","계","30 - 39세",5527,215,3.7,75.1
"2018. 08","계","40 - 49세",6631,186,2.7,78.7
"2018. 08","계","50 - 59세",6320,192,2.9,74.8
"2018. 08","계","60세이상",4509,106,2.3,41.6
"2018. 08","남자","계",15370,675,4.2,70.8
"2018. 08","남자","20 - 29세",1772,231,11.5,56.1
"2018. 08","남자","30 - 39세",3385,133,3.8,88.8
"2018. 08","남자","40 - 49세",3902,117,2.9,91.4
"2018. 08","남자","50 - 59세",3651,110,2.9,86.4
"2018. 08","남자","60세이상",2564,71,2.7,52.8
"2018. 08","여자","계",11537,458,3.8,51.3
"2018. 08","여자","20 - 29세",1938,177,8.4,59.9
"2018. 08","여자","30 - 39세",2142,82,3.7,60.3
"2018. 08","여자","40 - 49세",2729,69,2.5,65.7
"2018. 08","여자","50 - 59세",2669,81,3.0,63.1
"2018. 08","여자","60세이상",1946,34,1.7,32.5
"2018. 09","계","계",27055,1024,3.6,61.2
"2018. 09","계","20 - 29세",3716,366,9.0,58.1
"2018. 09","계","30 - 39세",5557,207,3.6,75.6
"2018. 09","계","40 - 49세",6663,166,2.4,79.2
"2018. 09","계","50 - 59세",6375,159,2.4,75.3
"2018. 09","계","60세이상",4551,115,2.5,41.8
"2018. 09","남자","계",15444,604,3.8,71.1
"2018. 09","남자","20 - 29세",1780,187,9.5,56.3
"2018. 09","남자","30 - 39세",3400,132,3.7,89.3
"2018. 09","남자","40 - 49세",3921,96,2.4,92.0
"2018. 09","남자","50 - 59세",3670,96,2.5,86.8
"2018. 09","남자","60세이상",2587,85,3.2,53.0
"2018. 09","여자","계",11612,420,3.5,51.6
"2018. 09","여자","20 - 29세",1936,178,8.4,59.8
"2018. 09","여자","30 - 39세",2157,75,3.3,60.8
"2018. 09","여자","40 - 49세",2742,70,2.5,66.1
"2018. 09","여자","50 - 59세",2705,63,2.3,63.9
"2018. 09","여자","60세이상",1964,30,1.5,32.7
"2018. 10","계","계",27090,973,3.5,61.2
"2018. 10","계","20 - 29세",3726,348,8.5,58.2
"2018. 10","계","30 - 39세",5565,187,3.3,75.8
"2018. 10","계","40 - 49세",6645,160,2.4,79.1
"2018. 10","계","50 - 59세",6394,159,2.4,75.5
"2018. 10","계","60세이상",4579,108,2.3,41.9
"2018. 10","남자","계",15462,575,3.6,71.1
"2018. 10","남자","20 - 29세",1770,177,9.1,56.0
"2018. 10","남자","30 - 39세",3412,121,3.4,89.7
"2018. 10","남자","40 - 49세",3921,94,2.3,92.1
"2018. 10","남자","50 - 59세",3682,92,2.4,87.0
"2018. 10","남자","60세이상",2601,83,3.1,53.1
"2018. 10","여자","계",11628,398,3.3,51.6
"2018. 10","여자","20 - 29세",1957,170,8.0,60.4
"2018. 10","여자","30 - 39세",2154,66,3.0,60.8
"2018. 10","여자","40 - 49세",2724,66,2.4,65.8
"2018. 10","여자","50 - 59세",2712,67,2.4,64.0
"2018. 10","여자","60세이상",1978,25,1.2,32.8
"2018. 11","계","계",27184,909,3.2,61.4
"2018. 11","계","20 - 29세",3749,330,8.1,58.6
"2018. 11","계","30 - 39세",5558,169,2.9,75.8
"2018. 11","계","40 - 49세",6664,147,2.2,79.5
"2018. 11","계","50 - 59세",6432,143,2.2,75.8
"2018. 11","계","60세이상",4598,111,2.3,41.9
"2018. 11","남자","계",15510,546,3.4,71.3
"2018. 11","남자","20 - 29세",1785,171,8.7,56.4
"2018. 11","남자","30 - 39세",3413,108,3.1,89.8
"2018. 11","남자","40 - 49세",3925,90,2.2,92.4
"2018. 11","남자","50 - 59세",3683,86,2.3,86.9
"2018. 11","남자","60세이상",2619,87,3.2,53.2
"2018. 11","여자","계",11674,363,3.0,51.8
"2018. 11","여자","20 - 29세",1964,160,7.5,60.6
"2018. 11","여자","30 - 39세",2145,61,2.8,60.7
"2018. 11","여자","40 - 49세",2739,58,2.1,66.3
"2018. 11","여자","50 - 59세",2749,56,2.0,64.8
"2018. 11","여자","60세이상",1979,24,1.2,32.7
"2018. 12","계","계",26638,944,3.4,60.1
"2018. 12","계","20 - 29세",3700,347,8.6,57.7
"2018. 12","계","30 - 39세",5548,157,2.8,75.7
"2018. 12","계","40 - 49세",6611,152,2.3,79.0
"2018. 12","계","50 - 59세",6369,154,2.4,75.0
"2018. 12","계","60세이상",4226,115,2.6,38.3
"2018. 12","남자","계",15312,586,3.7,70.3
"2018. 12","남자","20 - 29세",1765,196,10.0,55.7
"2018. 12","남자","30 - 39세",3405,98,2.8,89.7
"2018. 12","남자","40 - 49세",3912,92,2.3,92.2
"2018. 12","남자","50 - 59세",3654,97,2.6,86.1
"2018. 12","남자","60세이상",2496,91,3.5,50.5
"2018. 12","여자","계",11326,358,3.1,50.2
"2018. 12","여자","20 - 29세",1936,151,7.2,59.8
"2018. 12","여자","30 - 39세",2144,59,2.7,60.7
"2018. 12","여자","40 - 49세",2699,60,2.2,65.4
"2018. 12","여자","50 - 59세",2715,57,2.1,63.9
"2018. 12","여자","60세이상",1731,23,1.3,28.5
"2019. 01","계","계",26232,1224,4.5,59.2
"2019. 01","계","20 - 29세",3689,351,8.7,57.7
"2019. 01","계","30 - 39세",5501,168,3.0,75.2
"2019. 01","계","40 - 49세",6539,172,2.6,78.3
"2019. 01","계","50 - 59세",6311,187,2.9,74.2
"2019. 01","계","60세이상",3990,319,7.4,36.0
"2019. 01","남자","계",15100,693,4.4,69.4
"2019. 01","남자","20 - 29세",1753,198,10.2,55.6
"2019. 01","남자","30 - 39세",3366,98,2.8,88.7
"2019. 01","남자","40 - 49세",3876,104,2.6,91.5
"2019. 01","남자","50 - 59세",3615,124,3.3,85.1
"2019. 01","남자","60세이상",2396,154,6.0,48.2
"2019. 01","여자","계",11132,530,4.5,49.4
"2019. 01","여자","20 - 29세",1936,153,7.3,59.8
"2019. 01","여자","30 - 39세",2135,70,3.2,60.5
"2019. 01","여자","40 - 49세",2663,68,2.5,64.7
"2019. 01","여자","50 - 59세",2696,63,2.3,63.4
"2019. 01","여자","60세이상",1594,165,9.4,26.1
"2019. 02","계","계",26346,1303,4.7,59.4
"2019. 02","계","20 - 29세",3687,378,9.3,57.4
"2019. 02","계","30 - 39세",5482,198,3.5,74.9
"2019. 02","계","40 - 49세",6531,189,2.8,78.3
"2019. 02","계","50 - 59세",6301,206,3.2,74.0
"2019. 02","계","60세이상",4126,301,6.8,37.1
"2019. 02","남자","계",15174,720,4.5,69.5
"2019. 02","남자","20 - 29세",1776,200,10.1,55.8
"2019. 02","남자","30 - 39세",3370,117,3.3,88.8
"2019. 02","남자","40 - 49세",3869,107,2.7,91.4
"2019. 02","남자","50 - 59세",3623,122,3.3,85.2
"2019. 02","남자","60세이상",2439,156,6.0,48.9
"2019. 02","여자","계",11172,584,5.0,49.5
"2019. 02","여자","20 - 29세",1911,179,8.6,58.9
"2019. 02","여자","30 - 39세",2112,81,3.7,60.0
"2019. 02","여자","40 - 49세",2662,82,3.0,64.8
"2019. 02","여자","50 - 59세",2678,84,3.0,62.9
"2019. 02","여자","60세이상",1688,145,7.9,27.6
"2019. 03","계","계",26805,1197,4.3,60.4
"2019. 03","계","20 - 29세",3696,450,10.9,57.5
"2019. 03","계","30 - 39세",5515,214,3.7,75.5
"2019. 03","계","40 - 49세",6496,164,2.5,78.0
"2019. 03","계","50 - 59세",6382,198,3.0,74.9
"2019. 03","계","60세이상",4512,148,3.2,40.4
"2019. 03","남자","계",15363,710,4.4,70.4
"2019. 03","남자","20 - 29세",1787,252,12.3,56.1
"2019. 03","남자","30 - 39세",3376,117,3.3,89.1
"2019. 03","남자","40 - 49세",3846,104,2.6,91.0
"2019. 03","남자","50 - 59세",3650,120,3.2,85.7
"2019. 03","남자","60세이상",2606,104,3.8,52.0
"2019. 03","여자","계",11442,487,4.1,50.7
"2019. 03","여자","20 - 29세",1908,198,9.4,58.8
"2019. 03","여자","30 - 39세",2139,97,4.3,60.8
"2019. 03","여자","40 - 49세",2651,60,2.2,64.6
"2019. 03","여자","50 - 59세",2732,79,2.8,64.1
"2019. 03","여자","60세이상",1906,44,2.3,31.0
"2019. 04","계","계",27038,1245,4.4,60.8
"2019. 04","계","20 - 29세",3682,486,11.7,57.2
"2019. 04","계","30 - 39세",5534,232,4.0,75.8
"2019. 04","계","40 - 49세",6502,169,2.5,78.2
"2019. 04","계","50 - 59세",6439,194,2.9,75.5
"2019. 04","계","60세이상",4666,144,3.0,41.6
"2019. 04","남자","계",15420,747,4.6,70.6
"2019. 04","남자","20 - 29세",1780,265,12.9,55.7
"2019. 04","남자","30 - 39세",3358,141,4.0,88.7
"2019. 04","남자","40 - 49세",3838,109,2.8,90.9
"2019. 04","남자","50 - 59세",3682,121,3.2,86.3
"2019. 04","남자","60세이상",2656,96,3.5,52.8
"2019. 04","여자","계",11619,498,4.1,51.4
"2019. 04","여자","20 - 29세",1902,222,10.4,58.6
"2019. 04","여자","30 - 39세",2176,91,4.0,61.9
"2019. 04","여자","40 - 49세",2664,59,2.2,65.0
"2019. 04","여자","50 - 59세",2758,72,2.6,64.6
"2019. 04","여자","60세이상",2010,48,2.3,32.6
"2019. 05","계","계",27322,1145,4.0,61.5
"2019. 05","계","20 - 29세",3736,420,10.1,58.1
"2019. 05","계","30 - 39세",5543,214,3.7,76.0
"2019. 05","계","40 - 49세",6519,163,2.4,78.5
"2019. 05","계","50 - 59세",6488,171,2.6,75.9
"2019. 05","계","60세이상",4819,160,3.2,42.8
"2019. 05","남자","계",15535,690,4.3,71.1
"2019. 05","남자","20 - 29세",1823,220,10.8,57.2
"2019. 05","남자","30 - 39세",3372,133,3.8,89.1
"2019. 05","남자","40 - 49세",3837,101,2.6,91.0
"2019. 05","남자","50 - 59세",3692,109,2.9,86.5
"2019. 05","남자","60세이상",2698,115,4.1,53.4
"2019. 05","여자","계",11788,455,3.7,52.2
"2019. 05","여자","20 - 29세",1914,200,9.5,59.0
"2019. 05","여자","30 - 39세",2171,81,3.6,61.9
"2019. 05","여자","40 - 49세",2683,62,2.2,65.6
"2019. 05","여자","50 - 59세",2796,63,2.2,65.4
"2019. 05","여자","60세이상",2121,45,2.1,34.3
"2019. 06","계","계",27408,1137,4.0,61.6
"2019. 06","계","20 - 29세",3729,436,10.5,57.9
"2019. 06","계","30 - 39세",5576,214,3.7,76.5
"2019. 06","계","40 - 49세",6513,158,2.4,78.5
"2019. 06","계","50 - 59세",6517,160,2.4,76.2
"2019. 06","계","60세이상",4883,152,3.0,43.2
"2019. 06","남자","계",15560,678,4.2,71.1
"2019. 06","남자","20 - 29세",1822,227,11.1,57.0
"2019. 06","남자","30 - 39세",3392,129,3.7,89.7
"2019. 06","남자","40 - 49세",3833,100,2.5,91.0
"2019. 06","남자","50 - 59세",3699,104,2.7,86.5
"2019. 06","남자","60세이상",2724,106,3.7,53.7
"2019. 06","여자","계",11848,460,3.7,52.4
"2019. 06","여자","20 - 29세",1907,209,9.9,58.7
"2019. 06","여자","30 - 39세",2184,85,3.7,62.3
"2019. 06","여자","40 - 49세",2680,58,2.1,65.7
"2019. 06","여자","50 - 59세",2818,56,2.0,65.9
"2019. 06","여자","60세이상",2158,47,2.1,34.7
"2019. 07","계","계",27383,1097,3.9,61.5
"2019. 07","계","20 - 29세",3787,406,9.7,58.7
"2019. 07","계","30 - 39세",5540,213,3.7,76.2
"2019. 07","계","40 - 49세",6492,154,2.3,78.3
"2019. 07","계","50 - 59세",6481,165,2.5,75.8
"2019. 07","계","60세이상",4873,131,2.6,42.9
"2019. 07","남자","계",15570,637,3.9,71.1
"2019. 07","남자","20 - 29세",1872,198,9.6,58.4
"2019. 07","남자","30 - 39세",3366,131,3.8,89.1
"2019. 07","남자","40 - 49세",3826,96,2.4,90.9
"2019. 07","남자","50 - 59세",3679,109,2.9,86.0
"2019. 07","남자","60세이상",2733,90,3.2,53.6
"2019. 07","여자","계",11813,460,3.7,52.2
"2019. 07","여자","20 - 29세",1915,208,9.8,59.0
"2019. 07","여자","30 - 39세",2175,82,3.6,62.2
"2019. 07","여자","40 - 49세",2666,58,2.1,65.3
"2019. 07","여자","50 - 59세",2802,56,2.0,65.5
"2019. 07","여자","60세이상",2139,42,1.9,34.3
"2019. 08","계","계",27358,858,3.0,61.4
"2019. 08","계","20 - 29세",3781,291,7.1,58.6
"2019. 08","계","30 - 39세",5518,173,3.0,76.0
"2019. 08","계","40 - 49세",6504,126,1.9,78.5
"2019. 08","계","50 - 59세",6453,150,2.3,75.4
"2019. 08","계","60세이상",4901,101,2.0,43.0
"2019. 08","남자","계",15565,514,3.2,71.0
"2019. 08","남자","20 - 29세",1870,156,7.7,58.4
"2019. 08","남자","30 - 39세",3355,110,3.2,89.0
"2019. 08","남자","40 - 49세",3839,67,1.7,91.3
"2019. 08","남자","50 - 59세",3665,101,2.7,85.7
"2019. 08","남자","60세이상",2753,71,2.5,53.7
"2019. 08","여자","계",11794,343,2.8,52.1
"2019. 08","여자","20 - 29세",1911,136,6.6,58.8
"2019. 08","여자","30 - 39세",2163,63,2.8,62.0
"2019. 08","여자","40 - 49세",2665,60,2.2,65.4
"2019. 08","여자","50 - 59세",2788,48,1.7,65.2
"2019. 08","여자","60세이상",2148,30,1.4,34.3
"2019. 09","계","계",27404,884,3.1,61.5
"2019. 09","계","20 - 29세",3780,302,7.4,58.6
"2019. 09","계","30 - 39세",5544,161,2.8,76.5
"2019. 09","계","40 - 49세",6484,143,2.2,78.3
"2019. 09","계","50 - 59세",6494,153,2.3,75.9
"2019. 09","계","60세이상",4931,114,2.3,43.1
"2019. 09","남자","계",15539,541,3.4,70.9
"2019. 09","남자","20 - 29세",1856,163,8.1,57.9
"2019. 09","남자","30 - 39세",3345,107,3.1,88.8
"2019. 09","남자","40 - 49세",3825,80,2.1,91.0
"2019. 09","남자","50 - 59세",3695,100,2.6,86.4
"2019. 09","남자","60세이상",2746,87,3.1,53.3
"2019. 09","여자","계",11865,342,2.8,52.4
"2019. 09","여자","20 - 29세",1925,139,6.7,59.2
"2019. 09","여자","30 - 39세",2199,54,2.4,63.2
"2019. 09","여자","40 - 49세",2659,63,2.3,65.3
"2019. 09","여자","50 - 59세",2799,53,1.9,65.4
"2019. 09","여자","60세이상",2185,27,1.2,34.7
"2019. 10","계","계",27509,864,3.0,61.7
"2019. 10","계","20 - 29세",3814,299,7.3,59.0
"2019. 10","계","30 - 39세",5515,170,3.0,76.2
"2019. 10","계","40 - 49세",6499,126,1.9,78.5
"2019. 10","계","50 - 59세",6502,145,2.2,76.0
"2019. 10","계","60세이상",4996,114,2.2,43.4
"2019. 10","남자","계",15606,520,3.2,71.1
"2019. 10","남자","20 - 29세",1870,151,7.5,58.3
"2019. 10","남자","30 - 39세",3336,113,3.3,88.7
"2019. 10","남자","40 - 49세",3841,74,1.9,91.4
"2019. 10","남자","50 - 59세",3699,91,2.4,86.4
"2019. 10","남자","60세이상",2776,87,3.0,53.6
"2019. 10","여자","계",11903,345,2.8,52.5
"2019. 10","여자","20 - 29세",1943,148,7.1,59.8
"2019. 10","여자","30 - 39세",2179,58,2.6,62.7
"2019. 10","여자","40 - 49세",2658,53,1.9,65.3
"2019. 10","여자","50 - 59세",2803,55,1.9,65.6
"2019. 10","여자","60세이상",2219,27,1.2,35.1
"2019. 11","계","계",27515,866,3.1,61.7
"2019. 11","계","20 - 29세",3819,291,7.1,59.1
"2019. 11","계","30 - 39세",5533,168,2.9,76.6
"2019. 11","계","40 - 49세",6484,141,2.1,78.4
"2019. 11","계","50 - 59세",6497,149,2.2,75.9
"2019. 11","계","60세이상",5006,108,2.1,43.3
"2019. 11","남자","계",15609,534,3.3,71.1
"2019. 11","남자","20 - 29세",1885,158,7.7,58.7
"2019. 11","남자","30 - 39세",3345,106,3.1,89.1
"2019. 11","남자","40 - 49세",3817,89,2.3,90.8
"2019. 11","남자","50 - 59세",3702,95,2.5,86.5
"2019. 11","남자","60세이상",2784,82,2.9,53.5
"2019. 11","여자","계",11906,332,2.7,52.5
"2019. 11","여자","20 - 29세",1934,134,6.5,59.5
"2019. 11","여자","30 - 39세",2187,61,2.7,63.1
"2019. 11","여자","40 - 49세",2668,52,1.9,65.6
"2019. 11","여자","50 - 59세",2795,54,1.9,65.4
"2019. 11","여자","60세이상",2222,27,1.2,35.0
"2019. 12","계","계",27154,942,3.4,60.8
"2019. 12","계","20 - 29세",3765,296,7.3,58.2
"2019. 12","계","30 - 39세",5551,154,2.7,77.0
"2019. 12","계","40 - 49세",6483,128,1.9,78.4
"2019. 12","계","50 - 59세",6463,144,2.2,75.5
"2019. 12","계","60세이상",4705,206,4.2,40.5
"2019. 12","남자","계",15515,536,3.3,70.6
"2019. 12","남자","20 - 29세",1867,164,8.1,58.0
"2019. 12","남자","30 - 39세",3361,81,2.4,89.6
"2019. 12","남자","40 - 49세",3820,79,2.0,90.9
"2019. 12","남자","50 - 59세",3699,85,2.2,86.4
"2019. 12","남자","60세이상",2687,121,4.3,51.4
"2019. 12","여자","계",11638,406,3.4,51.3
"2019. 12","여자","20 - 29세",1898,133,6.5,58.4
"2019. 12","여자","30 - 39세",2190,73,3.2,63.3
"2019. 12","여자","40 - 49세",2663,48,1.8,65.5
"2019. 12","여자","50 - 59세",2763,60,2.1,64.6
"2019. 12","여자","60세이상",2019,85,4.1,31.6
"2020. 01","계","계",26800,1153,4.1,60.0
"2020. 01","계","20 - 29세",3751,304,7.5,58.1
"2020. 01","계","30 - 39세",5518,163,2.9,76.7
"2020. 01","계","40 - 49세",6455,132,2.0,78.1
"2020. 01","계","50 - 59세",6373,187,2.8,74.5
"2020. 01","계","60세이상",4497,342,7.1,38.6
"2020. 01","남자","계",15324,626,3.9,69.7
"2020. 01","남자","20 - 29세",1840,165,8.2,57.4
"2020. 01","남자","30 - 39세",3358,82,2.4,89.7
"2020. 01","남자","40 - 49세",3808,79,2.0,90.7
"2020. 01","남자","50 - 59세",3638,110,2.9,85.0
"2020. 01","남자","60세이상",2588,180,6.5,49.3
"2020. 01","여자","계",11476,526,4.4,50.6
"2020. 01","여자","20 - 29세",1912,139,6.8,58.8
"2020. 01","여자","30 - 39세",2161,82,3.6,62.6
"2020. 01","여자","40 - 49세",2647,53,2.0,65.1
"2020. 01","여자","50 - 59세",2735,77,2.7,64.0
"2020. 01","여자","60세이상",1909,163,7.9,29.8
"2020. 02","계","계",26838,1153,4.1,60.0
"2020. 02","계","20 - 29세",3663,362,9.0,56.6
"2020. 02","계","30 - 39세",5501,187,3.3,76.5
"2020. 02","계","40 - 49세",6426,158,2.4,77.8
"2020. 02","계","50 - 59세",6358,191,2.9,74.3
"2020. 02","계","60세이상",4696,235,4.8,40.1
"2020. 02","남자","계",15336,643,4.0,69.7
"2020. 02","남자","20 - 29세",1802,189,9.5,56.0
"2020. 02","남자","30 - 39세",3333,106,3.1,89.1
"2020. 02","남자","40 - 49세",3801,90,2.3,90.6
"2020. 02","남자","50 - 59세",3640,115,3.1,85.0
"2020. 02","남자","60세이상",2677,132,4.7,50.7
"2020. 02","여자","계",11502,509,4.2,50.7
"2020. 02","여자","20 - 29세",1861,174,8.5,57.2
"2020. 02","여자","30 - 39세",2168,81,3.6,62.9
"2020. 02","여자","40 - 49세",2625,68,2.5,64.6
"2020. 02","여자","50 - 59세",2717,76,2.7,63.6
"2020. 02","여자","60세이상",2019,103,4.8,31.4
"2020. 03","계","계",26609,1180,4.2,59.5
"2020. 03","계","20 - 29세",3520,379,9.7,54.5
"2020. 03","계","30 - 39세",5407,184,3.3,75.4
"2020. 03","계","40 - 49세",6376,175,2.7,77.3
"2020. 03","계","50 - 59세",6308,211,3.2,73.7
"2020. 03","계","60세이상",4848,208,4.1,41.2
"2020. 03","남자","계",15282,662,4.2,69.5
"2020. 03","남자","20 - 29세",1733,208,10.7,54.0
"2020. 03","남자","30 - 39세",3300,101,3.0,88.4
"2020. 03","남자","40 - 49세",3787,99,2.6,90.3
"2020. 03","남자","50 - 59세",3633,128,3.4,84.8
"2020. 03","남자","60세이상",2763,115,4.0,52.1
"2020. 03","여자","계",11327,517,4.4,49.9
"2020. 03","여자","20 - 29세",1787,171,8.7,54.9
"2020. 03","여자","30 - 39세",2108,83,3.8,61.3
"2020. 03","여자","40 - 49세",2589,75,2.8,63.8
"2020. 03","여자","50 - 59세",2675,83,3.0,62.6
"2020. 03","여자","60세이상",2085,93,4.3,32.3
"2020. 04","계","계",26562,1172,4.2,59.4
"2020. 04","계","20 - 29세",3524,355,9.1,54.6
"2020. 04","계","30 - 39세",5362,196,3.5,74.9
"2020. 04","계","40 - 49세",6312,182,2.8,76.5
"2020. 04","계","50 - 59세",6296,233,3.6,73.6
"2020. 04","계","60세이상",4939,189,3.7,41.8
"2020. 04","남자","계",15237,675,4.2,69.3
"2020. 04","남자","20 - 29세",1741,191,9.9,54.4
"2020. 04","남자","30 - 39세",3269,115,3.4,87.7
"2020. 04","남자","40 - 49세",3751,107,2.8,89.5
"2020. 04","남자","50 - 59세",3631,134,3.6,84.8
"2020. 04","남자","60세이상",2787,116,4.0,52.3
"2020. 04","여자","계",11325,497,4.2,49.8
"2020. 04","여자","20 - 29세",1782,164,8.4,54.8
"2020. 04","여자","30 - 39세",2092,80,3.7,61.0
"2020. 04","여자","40 - 49세",2561,74,2.8,63.1
"2020. 04","여자","50 - 59세",2665,99,3.6,62.4
"2020. 04","여자","60세이상",2153,72,3.2,33.2
"2020. 05","계","계",26930,1278,4.5,60.2
"2020. 05","계","20 - 29세",3602,413,10.3,55.7
"2020. 05","계","30 - 39세",5360,219,3.9,75.0
"2020. 05","계","40 - 49세",6333,191,2.9,76.8
"2020. 05","계","50 - 59세",6347,245,3.7,74.2
"2020. 05","계","60세이상",5121,198,3.7,43.1
"2020. 05","남자","계",15382,737,4.6,69.9
"2020. 05","남자","20 - 29세",1748,225,11.4,54.5
"2020. 05","남자","30 - 39세",3276,128,3.8,88.0
"2020. 05","남자","40 - 49세",3767,108,2.8,89.9
"2020. 05","남자","50 - 59세",3655,139,3.7,85.3
"2020. 05","남자","60세이상",2860,128,4.3,53.4
"2020. 05","여자","계",11549,541,4.5,50.8
"2020. 05","여자","20 - 29세",1855,187,9.2,57.0
"2020. 05","여자","30 - 39세",2084,90,4.1,60.9
"2020. 05","여자","40 - 49세",2565,83,3.1,63.3
"2020. 05","여자","50 - 59세",2692,106,3.8,63.0
"2020. 05","여자","60세이상",2261,70,3.0,34.7
"2020. 06","계","계",27055,1228,4.3,60.4
"2020. 06","계","20 - 29세",3578,441,11.0,55.4
"2020. 06","계","30 - 39세",5380,208,3.7,75.4
"2020. 06","계","40 - 49세",6333,183,2.8,76.9
"2020. 06","계","50 - 59세",6372,217,3.3,74.5
"2020. 06","계","60세이상",5221,170,3.1,43.8
"2020. 06","남자","계",15431,694,4.3,70.1
"2020. 06","남자","20 - 29세",1734,240,12.1,54.1
"2020. 06","남자","30 - 39세",3283,119,3.5,88.3
"2020. 06","남자","40 - 49세",3757,103,2.7,89.7
"2020. 06","남자","50 - 59세",3679,118,3.1,85.9
"2020. 06","남자","60세이상",2900,110,3.6,53.9
"2020. 06","여자","계",11624,534,4.4,51.1
"2020. 06","여자","20 - 29세",1844,202,9.9,56.6
"2020. 06","여자","30 - 39세",2098,88,4.0,61.4
"2020. 06","여자","40 - 49세",2576,80,3.0,63.6
"2020. 06","여자","50 - 59세",2692,99,3.5,63.0
"2020. 06","여자","60세이상",2321,60,2.5,35.5
"2020. 07","계","계",27106,1138,4.0,60.5
"2020. 07","계","20 - 29세",3622,387,9.7,56.1
"2020. 07","계","30 - 39세",5371,190,3.4,75.4
"2020. 07","계","40 - 49세",6328,178,2.7,76.9
"2020. 07","계","50 - 59세",6355,210,3.2,74.3
"2020. 07","계","60세이상",5251,153,2.8,43.8
"2020. 07","남자","계",15461,642,4.0,70.2
"2020. 07","남자","20 - 29세",1762,207,10.5,55.0
"2020. 07","남자","30 - 39세",3287,103,3.0,88.6
"2020. 07","남자","40 - 49세",3740,106,2.8,89.3
"2020. 07","남자","50 - 59세",3669,113,3.0,85.6
"2020. 07","남자","60세이상",2923,102,3.4,54.1
"2020. 07","여자","계",11645,496,4.1,51.2
"2020. 07","여자","20 - 29세",1860,180,8.8,57.2
"2020. 07","여자","30 - 39세",2084,87,4.0,61.1
"2020. 07","여자","40 - 49세",2588,72,2.7,63.9
"2020. 07","여자","50 - 59세",2686,97,3.5,62.9
"2020. 07","여자","60세이상",2328,52,2.2,35.4
"2020. 08","계","계",27085,864,3.1,60.4
"2020. 08","계","20 - 29세",3642,302,7.7,56.4
"2020. 08","계","30 - 39세",5288,157,2.9,74.4
"2020. 08","계","40 - 49세",6322,137,2.1,76.8
"2020. 08","계","50 - 59세",6379,144,2.2,74.6
"2020. 08","계","60세이상",5285,110,2.0,43.9
"2020. 08","남자","계",15469,484,3.0,70.2
"2020. 08","남자","20 - 29세",1761,166,8.6,55.0
"2020. 08","남자","30 - 39세",3255,89,2.6,87.9
"2020. 08","남자","40 - 49세",3751,77,2.0,89.7
"2020. 08","남자","50 - 59세",3681,71,1.9,85.9
"2020. 08","남자","60세이상",2944,72,2.4,54.2
"2020. 08","여자","계",11615,381,3.2,51.0
"2020. 08","여자","20 - 29세",1881,135,6.7,57.8
"2020. 08","여자","30 - 39세",2033,69,3.3,59.7
"2020. 08","여자","40 - 49세",2570,60,2.3,63.6
"2020. 08","여자","50 - 59세",2698,73,2.6,63.2
"2020. 08","여자","60세이상",2341,37,1.6,35.4
"2020. 09","계","계",27012,1000,3.6,60.3
"2020. 09","계","20 - 29세",3582,349,8.9,55.5
"2020. 09","계","30 - 39세",5261,196,3.6,74.1
"2020. 09","계","40 - 49세",6309,158,2.4,76.8
"2020. 09","계","50 - 59세",6360,158,2.4,74.4
"2020. 09","계","60세이상",5350,124,2.3,44.2
"2020. 09","남자","계",15430,587,3.7,70.0
"2020. 09","남자","20 - 29세",1735,196,10.1,54.3
"2020. 09","남자","30 - 39세",3219,120,3.6,87.0
"2020. 09","남자","40 - 49세",3742,92,2.4,89.5
"2020. 09","남자","50 - 59세",3672,92,2.4,85.7
"2020. 09","남자","60세이상",2994,78,2.5,54.8
"2020. 09","여자","계",11582,413,3.4,50.9
"2020. 09","여자","20 - 29세",1847,153,7.6,56.8
"2020. 09","여자","30 - 39세",2042,77,3.6,60.1
"2020. 09","여자","40 - 49세",2567,66,2.5,63.5
"2020. 09","여자","50 - 59세",2688,67,2.4,63.0
"2020. 09","여자","60세이상",2355,46,1.9,35.5
"2020. 10","계","계",27088,1028,3.7,60.4
"2020. 10","계","20 - 29세",3604,332,8.4,55.9
"2020. 10","계","30 - 39세",5276,220,4.0,74.5
"2020. 10","계","40 - 49세",6307,170,2.6,76.8
"2020. 10","계","50 - 59세",6388,168,2.6,74.7
"2020. 10","계","60세이상",5371,129,2.4,44.2
"2020. 10","남자","계",15456,605,3.8,70.0
"2020. 10","남자","20 - 29세",1755,181,9.3,54.9
"2020. 10","남자","30 - 39세",3216,132,3.9,87.1
"2020. 10","남자","40 - 49세",3733,105,2.7,89.4
"2020. 10","남자","50 - 59세",3693,96,2.5,86.2
"2020. 10","남자","60세이상",2994,85,2.8,54.5
"2020. 10","여자","계",11633,423,3.5,51.1
"2020. 10","여자","20 - 29세",1848,151,7.5,56.8
"2020. 10","여자","30 - 39세",2060,89,4.1,60.8
"2020. 10","여자","40 - 49세",2574,65,2.4,63.8
"2020. 10","여자","50 - 59세",2694,72,2.6,63.2
"2020. 10","여자","60세이상",2377,44,1.8,35.7
"2020. 11","계","계",27241,967,3.4,60.7
"2020. 11","계","20 - 29세",3610,322,8.2,55.9
"2020. 11","계","30 - 39세",5339,206,3.7,75.5
"2020. 11","계","40 - 49세",6349,150,2.3,77.4
"2020. 11","계","50 - 59세",6423,160,2.4,75.1
"2020. 11","계","60세이상",5379,120,2.2,44.1
"2020. 11","남자","계",15523,540,3.4,70.3
"2020. 11","남자","20 - 29세",1748,167,8.7,54.5
"2020. 11","남자","30 - 39세",3245,111,3.3,88.0
"2020. 11","남자","40 - 49세",3755,94,2.4,89.9
"2020. 11","남자","50 - 59세",3703,88,2.3,86.4
"2020. 11","남자","60세이상",3010,76,2.5,54.6
"2020. 11","여자","계",11718,427,3.5,51.4
"2020. 11","여자","20 - 29세",1862,155,7.7,57.3
"2020. 11","여자","30 - 39세",2094,96,4.4,61.9
"2020. 11","여자","40 - 49세",2593,56,2.1,64.3
"2020. 11","여자","50 - 59세",2720,72,2.6,63.8
"2020. 11","여자","60세이상",2368,44,1.8,35.4
"2020. 12","계","계",26526,1135,4.1,59.1
"2020. 12","계","20 - 29세",3510,312,8.2,54.3
"2020. 12","계","30 - 39세",5304,208,3.8,75.1
"2020. 12","계","40 - 49세",6300,153,2.4,76.8
"2020. 12","계","50 - 59세",6316,173,2.7,73.9
"2020. 12","계","60세이상",4954,280,5.3,40.4
"2020. 12","남자","계",15244,594,3.7,68.9
"2020. 12","남자","20 - 29세",1684,166,9.0,52.4
"2020. 12","남자","30 - 39세",3231,104,3.1,87.7
"2020. 12","남자","40 - 49세",3751,92,2.4,89.9
"2020. 12","남자","50 - 59세",3658,96,2.6,85.4
"2020. 12","남자","60세이상",2859,132,4.4,51.6
"2020. 12","여자","계",11281,542,4.6,49.5
"2020. 12","여자","20 - 29세",1826,146,7.4,56.2
"2020. 12","여자","30 - 39세",2073,103,4.7,61.4
"2020. 12","여자","40 - 49세",2549,61,2.3,63.3
"2020. 12","여자","50 - 59세",2658,77,2.8,62.4
"2020. 12","여자","60세이상",2095,148,6.6,31.2
"2021. 01","계","계",25818,1570,5.7,57.4
"2021. 01","계","20 - 29세",3496,357,9.3,53.9
"2021. 01","계","30 - 39세",5245,235,4.3,74.4
"2021. 01","계","40 - 49세",6244,183,2.8,76.2
"2021. 01","계","50 - 59세",6204,231,3.6,72.6
"2021. 01","계","60세이상",4483,541,10.8,36.4
"2021. 01","남자","계",14939,789,5.0,67.4
"2021. 01","남자","20 - 29세",1684,188,10.0,52.0
"2021. 01","남자","30 - 39세",3204,134,4.0,87.1
"2021. 01","남자","40 - 49세",3716,111,2.9,89.1
"2021. 01","남자","50 - 59세",3607,120,3.2,84.2
"2021. 01","남자","60세이상",2662,225,7.8,47.8
"2021. 01","여자","계",10879,781,6.7,47.7
"2021. 01","여자","20 - 29세",1812,169,8.5,55.7
"2021. 01","여자","30 - 39세",2041,101,4.7,60.6
"2021. 01","여자","40 - 49세",2528,72,2.8,62.8
"2021. 01","여자","50 - 59세",2597,111,4.1,61.0
"2021. 01","여자","60세이상",1821,316,14.8,27.0
"2021. 02","계","계",26365,1353,4.9,58.6
"2021. 02","계","20 - 29세",3557,395,10.0,54.9
"2021. 02","계","30 - 39세",5263,217,4.0,74.8
"2021. 02","계","40 - 49세",6260,173,2.7,76.4
"2021. 02","계","50 - 59세",6219,243,3.8,72.8
"2021. 02","계","60세이상",4908,305,5.8,39.7
"2021. 02","남자","계",15149,739,4.7,68.4
"2021. 02","남자","20 - 29세",1718,209,10.8,53.1
"2021. 02","남자","30 - 39세",3218,120,3.6,87.6
"2021. 02","남자","40 - 49세",3721,99,2.6,89.3
"2021. 02","남자","50 - 59세",3608,130,3.5,84.2
"2021. 02","남자","60세이상",2812,173,5.8,50.2
"2021. 02","여자","계",11215,614,5.2,49.1
"2021. 02","여자","20 - 29세",1839,186,9.2,56.6
"2021. 02","여자","30 - 39세",2045,97,4.5,60.8
"2021. 02","여자","40 - 49세",2539,74,2.8,63.1
"2021. 02","여자","50 - 59세",2611,113,4.1,61.3
"2021. 02","여자","60세이상",2096,131,5.9,30.9
"2021. 03","계","계",26923,1215,4.3,59.8
"2021. 03","계","20 - 29세",3650,404,10.0,56.3
"2021. 03","계","30 - 39세",5238,223,4.1,74.6
"2021. 03","계","40 - 49세",6291,173,2.7,76.9
"2021. 03","계","50 - 59세",6320,201,3.1,74.0
"2021. 03","계","60세이상",5256,193,3.5,42.3
"2021. 03","남자","계",15417,682,4.2,69.6
"2021. 03","남자","20 - 29세",1760,228,11.5,54.5
"2021. 03","남자","30 - 39세",3217,120,3.6,87.7
"2021. 03","남자","40 - 49세",3759,87,2.3,90.2
"2021. 03","남자","50 - 59세",3648,109,2.9,85.1
"2021. 03","남자","60세이상",2962,128,4.1,52.7
"2021. 03","여자","계",11506,534,4.4,50.4
"2021. 03","여자","20 - 29세",1890,176,8.5,58.1
"2021. 03","여자","30 - 39세",2021,103,4.8,60.2
"2021. 03","여자","40 - 49세",2533,86,3.3,63.0
"2021. 03","여자","50 - 59세",2672,92,3.3,62.8
"2021. 03","여자","60세이상",2294,65,2.8,33.7
"2021. 04","계","계",27214,1147,4.0,60.4
"2021. 04","계","20 - 29세",3655,407,10.0,56.4
"2021. 04","계","30 - 39세",5263,197,3.6,75.1
"2021. 04","계","40 - 49세",6301,170,2.6,77.1
"2021. 04","계","50 - 59세",6410,175,2.7,75.0
"2021. 04","계","60세이상",5408,180,3.2,43.3
"2021. 04","남자","계",15514,653,4.0,70.0
"2021. 04","남자","20 - 29세",1760,230,11.5,54.5
"2021. 04","남자","30 - 39세",3219,100,3.0,87.9
"2021. 04","남자","40 - 49세",3750,90,2.3,90.1
"2021. 04","남자","50 - 59세",3682,102,2.7,85.9
"2021. 04","남자","60세이상",3029,121,3.8,53.6
"2021. 04","여자","계",11699,494,4.1,51.2
"2021. 04","여자","20 - 29세",1895,177,8.5,58.3
"2021. 04","여자","30 - 39세",2045,97,4.5,61.1
"2021. 04","여자","40 - 49세",2551,80,3.1,63.5
"2021. 04","여자","50 - 59세",2728,73,2.6,64.1
"2021. 04","여자","60세이상",2379,59,2.4,34.8
"2021. 05","계","계",27550,1148,4.0,61.2
"2021. 05","계","20 - 29세",3712,383,9.3,57.3
"2021. 05","계","30 - 39세",5291,181,3.3,75.6
"2021. 05","계","40 - 49세",6327,186,2.9,77.4
"2021. 05","계","50 - 59세",6447,191,2.9,75.5
"2021. 05","계","60세이상",5576,188,3.3,44.5
"2021. 05","남자","계",15645,653,4.0,70.5
"2021. 05","남자","20 - 29세",1785,223,11.1,55.3
"2021. 05","남자","30 - 39세",3228,96,2.9,88.3
"2021. 05","남자","40 - 49세",3749,100,2.6,90.1
"2021. 05","남자","50 - 59세",3692,100,2.6,86.1
"2021. 05","남자","60세이상",3099,124,3.9,54.6
"2021. 05","여자","계",11905,495,4.0,52.1
"2021. 05","여자","20 - 29세",1927,160,7.7,59.2
"2021. 05","여자","30 - 39세",2064,85,4.0,61.7
"2021. 05","여자","40 - 49세",2577,86,3.2,64.3
"2021. 05","여자","50 - 59세",2756,91,3.2,64.8
"2021. 05","여자","60세이상",2477,64,2.5,36.1
"2021. 06","계","계",27637,1093,3.8,61.3
"2021. 06","계","20 - 29세",3764,365,8.8,58.1
"2021. 06","계","30 - 39세",5268,165,3.0,75.4
"2021. 06","계","40 - 49세",6345,169,2.6,77.7
"2021. 06","계","50 - 59세",6445,192,2.9,75.5
"2021. 06","계","60세이상",5620,181,3.1,44.6
"2021. 06","남자","계",15667,613,3.8,70.6
"2021. 06","남자","20 - 29세",1806,198,9.9,56.0
"2021. 06","남자","30 - 39세",3213,87,2.6,88.1
"2021. 06","남자","40 - 49세",3750,91,2.4,90.2
"2021. 06","남자","50 - 59세",3693,99,2.6,86.2
"2021. 06","남자","60세이상",3118,128,3.9,54.6
"2021. 06","여자","계",11970,479,3.9,52.3
"2021. 06","여자","20 - 29세",1959,168,7.9,60.2
"2021. 06","여자","30 - 39세",2055,78,3.6,61.6
"2021. 06","여자","40 - 49세",2595,78,2.9,64.8
"2021. 06","여자","50 - 59세",2753,93,3.3,64.7
"2021. 06","여자","60세이상",2502,53,2.1,36.3
