"시점","행정구역별","산업별",사업체수 (개),종사자수 (명),매출액 (백만원)
"2018","전국","전체 산업",4103172,22234776,6033068539
"2018","전국","농업, 임업 및 어업(01~03)",4261,42324,12328862
"2018","전국","광업(05~08)",1916,14998,4412580
"2018","전국","제조업(10~34)",437024,4105871,1919606247
"2018","전국","전기, 가스, 증기 및 공기조절 공급업(35)",2343,64066,154849518
"2018","전국","수도, 하수 및 폐기물 처리, 원료 재생업(36~39)",8972,108906,26000099
"2018","전국","건설업(41~42)",142840,1481673,398127244
"2018","전국","도매 및 소매업(45~47)",1027109,3250867,1281922863
"2018","전국","운수 및 창고업(49~52)",400282,1145752,208816850
"2018","전국","숙박 및 음식점업(55~56)",766315,2326716,151639425
"2018","전국","정보통신업(58~63)",43888,599006,162877673
"2018","전국","금융 및 보험업(64~66)",43568,711494,769715967
"2018","전국","부동산업(68)",160152,520591,129570214
"2018","전국","전문, 과학 및 기술 서비스업(70~73)",112302,1075234,219961430
"2018","전국","사업시설 관리, 사업 지원 및 임대 서비스업(74~76)",70542,1187986,87818359
"2018","전국","공공행정, 국방 및 사회보장 행정(84)",12521,734566,136001250
"2018","전국","교육 서비스업(85)",189800,1630311,124790063
"2018","전국","보건업 및 사회복지 서비스업(86~87)",147452,1902052,140291800
"2018","전국","예술, 스포츠 및 여가관련 서비스업(90~91)",121639,442046,50970359
"2018","전국","협회 및 단체, 수리 및 기타 개인 서비스업(94~96)",410246,890317,53367736
"2018","서울","전체 산업",823385,5210936,1731313318
"2018","서울","농업, 임업 및 어업(01~03)",30,462,235636
"2018","서울","광업(05~08)",24,81,25979
"2018","서울","제조업(10~34)",58970,266500,54625962
"2018","서울","전기, 가스, 증기 및 공기조절 공급업(35)",183,6083,15203812
"2018","서울","수도, 하수 및 폐기물 처리, 원료 재생업(36~39)",451,9139,1354294
"2018","서울","건설업(41~42)",21825,379353,178257104
"2018","서울","도매 및 소매업(45~47)",223955,896326,506828402
"2018","서울","운수 및 창고업(49~52)",95412,272618,72842399
"2018","서울","숙박 및 음식점업(55~56)",130595,495092,39033462
"2018","서울","정보통신업(58~63)",23384,357761,98282562
"2018","서울","금융 및 보험업(64~66)",11220,262273,470366072
"2018","서울","부동산업(68)",41282,158063,44988403
"2018","서울","전문, 과학 및 기술 서비스업(70~73)",41654,463519,98309333
"2018","서울","사업시설 관리, 사업 지원 및 임대 서비스업(74~76)",16198,496433,35865239
"2018","서울","공공행정, 국방 및 사회보장 행정(84)",1282,140121,20593663
"2018","서울","교육 서비스업(85)",35377,346219,28476537
"2018","서울","보건업 및 사회복지 서비스업(86~87)",28824,378366,35976513
"2018","서울","예술, 스포츠 및 여가관련 서비스업(90~91)",23025,91104,15010523
"2018","서울","협회 및 단체, 수리 및 기타 개인 서비스업(94~96)",69694,191423,15037423
"2018","부산","전체 산업",288860,1442115,292973172
"2018","부산","농업, 임업 및 어업(01~03)",82,3827,1206631
"2018","부산","광업(05~08)",18,114,25205
"2018","부산","제조업(10~34)",30656,216091,57229150
"2018","부산","전기, 가스, 증기 및 공기조절 공급업(35)",61,3711,7694350
"2018","부산","수도, 하수 및 폐기물 처리, 원료 재생업(36~39)",447,6518,1004773
"2018","부산","건설업(41~42)",9003,100385,22018183
"2018","부산","도매 및 소매업(45~47)",80557,232787,84611411
"2018","부산","운수 및 창고업(49~52)",26904,110705,18766269
"2018","부산","숙박 및 음식점업(55~56)",52240,162889,9645890
"2018","부산","정보통신업(58~63)",1892,17122,4328085
"2018","부산","금융 및 보험업(64~66)",3302,51295,35521611
"2018","부산","부동산업(68)",11751,36048,9460458
"2018","부산","전문, 과학 및 기술 서비스업(70~73)",7319,46485,6453458
"2018","부산","사업시설 관리, 사업 지원 및 임대 서비스업(74~76)",5325,82742,5461362
"2018","부산","공공행정, 국방 및 사회보장 행정(84)",708,45485,7018329
"2018","부산","교육 서비스업(85)",12549,102104,7423522
"2018","부산","보건업 및 사회복지 서비스업(86~87)",9246,136523,9754717
"2018","부산","예술, 스포츠 및 여가관련 서비스업(90~91)",7261,24700,2275371
"2018","부산","협회 및 단체, 수리 및 기타 개인 서비스업(94~96)",29539,62584,3074397
"2018","대구","전체 산업",210547,967206,183508807
"2018","대구","농업, 임업 및 어업(01~03)",18,318,43692
"2018","대구","광업(05~08)",6,26,4322
"2018","대구","제조업(10~34)",26961,176508,42203108
"2018","대구","전기, 가스, 증기 및 공기조절 공급업(35)",77,2632,11659007
"2018","대구","수도, 하수 및 폐기물 처리, 원료 재생업(36~39)",341,3763,854982
"2018","대구","건설업(41~42)",6795,60332,11192415
"2018","대구","도매 및 소매업(45~47)",55470,165411,48919097
"2018","대구","운수 및 창고업(49~52)",21094,47711,4033419
"2018","대구","숙박 및 음식점업(55~56)",35154,101342,5498598
"2018","대구","정보통신업(58~63)",1254,12984,2932818
"2018","대구","금융 및 보험업(64~66)",2185,33767,23679228
"2018","대구","부동산업(68)",7243,23332,4662169
"2018","대구","전문, 과학 및 기술 서비스업(70~73)",4839,27010,3303573
"2018","대구","사업시설 관리, 사업 지원 및 임대 서비스업(74~76)",3029,46468,2620000
"2018","대구","공공행정, 국방 및 사회보장 행정(84)",449,30055,5141284
"2018","대구","교육 서비스업(85)",10957,77969,5317171
"2018","대구","보건업 및 사회복지 서비스업(86~87)",7100,96782,7660435
"2018","대구","예술, 스포츠 및 여가관련 서비스업(90~91)",5971,17785,1106973
"2018","대구","협회 및 단체, 수리 및 기타 개인 서비스업(94~96)",21604,43011,2676516
"2018","인천","전체 산업",202493,1070454,274736643
"2018","인천","농업, 임업 및 어업(01~03)",36,201,39239
"2018","인천","광업(05~08)",32,549,227701
"2018","인천","제조업(10~34)",25235,247361,88403997
"2018","인천","전기, 가스, 증기 및 공기조절 공급업(35)",67,3726,11328844
"2018","인천","수도, 하수 및 폐기물 처리, 원료 재생업(36~39)",495,6488,2034022
"2018","인천","건설업(41~42)",6278,55565,15845080
"2018","인천","도매 및 소매업(45~47)",47008,146626,73089938
"2018","인천","운수 및 창고업(49~52)",26111,84685,19536854
"2018","인천","숙박 및 음식점업(55~56)",36043,111297,7716452
"2018","인천","정보통신업(58~63)",1023,9902,2035154
"2018","인천","금융 및 보험업(64~66)",1802,25635,16826026
"2018","인천","부동산업(68)",8175,23363,6140036
"2018","인천","전문, 과학 및 기술 서비스업(70~73)",3840,30601,4769183
"2018","인천","사업시설 관리, 사업 지원 및 임대 서비스업(74~76)",3029,47082,3237998
"2018","인천","공공행정, 국방 및 사회보장 행정(84)",485,36806,6506938
"2018","인천","교육 서비스업(85)",8321,73735,5813003
"2018","인천","보건업 및 사회복지 서비스업(86~87)",7384,101680,6802588
"2018","인천","예술, 스포츠 및 여가관련 서비스업(90~91)",6882,21974,1954260
"2018","인천","협회 및 단체, 수리 및 기타 개인 서비스업(94~96)",20247,43178,2429330
"2018","광주","전체 산업",119617,616265,137227278
"2018","광주","농업, 임업 및 어업(01~03)",34,383,88665
"2018","광주","광업(05~08)",7,51,15972
"2018","광주","제조업(10~34)",9105,86109,41746042
"2018","광주","전기, 가스, 증기 및 공기조절 공급업(35)",206,1393,2985869
"2018","광주","수도, 하수 및 폐기물 처리, 원료 재생업(36~39)",161,2056,616327
"2018","광주","건설업(41~42)",5353,58128,15128433
"2018","광주","도매 및 소매업(45~47)",31616,93051,29122572
"2018","광주","운수 및 창고업(49~52)",9774,29917,3368704
"2018","광주","숙박 및 음식점업(55~56)",20044,61476,3554217
"2018","광주","정보통신업(58~63)",878,8290,2572943
"2018","광주","금융 및 보험업(64~66)",1557,24375,14062717
"2018","광주","부동산업(68)",5149,19153,5587019
"2018","광주","전문, 과학 및 기술 서비스업(70~73)",3238,19249,2023726
"2018","광주","사업시설 관리, 사업 지원 및 임대 서비스업(74~76)",2224,30822,2069811
"2018","광주","공공행정, 국방 및 사회보장 행정(84)",264,17945,3108932
"2018","광주","교육 서비스업(85)",6985,52745,3817548
"2018","광주","보건업 및 사회복지 서비스업(86~87)",4891,68462,4684060
"2018","광주","예술, 스포츠 및 여가관련 서비스업(90~91)",4239,13327,989895
"2018","광주","협회 및 단체, 수리 및 기타 개인 서비스업(94~96)",13892,29333,1683826
"2018","대전","전체 산업",117557,618271,126349317
"2018","대전","농업, 임업 및 어업(01~03)",14,318,65961
"2018","대전","광업(05~08)",3,15,4015
"2018","대전","제조업(10~34)",8220,61879,21938561
"2018","대전","전기, 가스, 증기 및 공기조절 공급업(35)",39,1575,4322566
"2018","대전","수도, 하수 및 폐기물 처리, 원료 재생업(36~39)",135,3205,975723
"2018","대전","건설업(41~42)",4134,40488,9665799
"2018","대전","도매 및 소매업(45~47)",30718,90795,27692125
"2018","대전","운수 및 창고업(49~52)",12730,35058,3449402
"2018","대전","숙박 및 음식점업(55~56)",21249,65647,3890425
"2018","대전","정보통신업(58~63)",1205,14399,3326695
"2018","대전","금융 및 보험업(64~66)",1418,21797,17259021
"2018","대전","부동산업(68)",4237,14646,2609981
"2018","대전","전문, 과학 및 기술 서비스업(70~73)",3201,44732,10973974
"2018","대전","사업시설 관리, 사업 지원 및 임대 서비스업(74~76)",2100,37968,2374225
"2018","대전","공공행정, 국방 및 사회보장 행정(84)",278,26508,6139776
"2018","대전","교육 서비스업(85)",5739,57939,4551452
"2018","대전","보건업 및 사회복지 서비스업(86~87)",4964,61810,4427640
"2018","대전","예술, 스포츠 및 여가관련 서비스업(90~91)",3856,11565,1091168
"2018","대전","협회 및 단체, 수리 및 기타 개인 서비스업(94~96)",13317,27927,1590808
"2018","울산","전체 산업",85662,527085,263715141
"2018","울산","농업, 임업 및 어업(01~03)",34,186,53041
"2018","울산","광업(05~08)",21,339,255813
"2018","울산","제조업(10~34)",7299,175990,199379324
"2018","울산","전기, 가스, 증기 및 공기조절 공급업(35)",39,2471,5593552
"2018","울산","수도, 하수 및 폐기물 처리, 원료 재생업(36~39)",202,2092,597493
"2018","울산","건설업(41~42)",3263,36403,6547724
"2018","울산","도매 및 소매업(45~47)",20248,57109,16480318
"2018","울산","운수 및 창고업(49~52)",7536,24396,3980212
"2018","울산","숙박 및 음식점업(55~56)",18901,52625,3207025
"2018","울산","정보통신업(58~63)",343,3765,753708
"2018","울산","금융 및 보험업(64~66)",941,14898,10941061
"2018","울산","부동산업(68)",3151,9820,1617353
"2018","울산","전문, 과학 및 기술 서비스업(70~73)",1897,16213,3042483
"2018","울산","사업시설 관리, 사업 지원 및 임대 서비스업(74~76)",1519,18757,1681527
"2018","울산","공공행정, 국방 및 사회보장 행정(84)",207,13795,2421823
"2018","울산","교육 서비스업(85)",4838,34878,3066823
"2018","울산","보건업 및 사회복지 서비스업(86~87)",2894,36678,2759428
"2018","울산","예술, 스포츠 및 여가관련 서비스업(90~91)",3108,8567,421770
"2018","울산","협회 및 단체, 수리 및 기타 개인 서비스업(94~96)",9221,18103,914663
"2018","세종","전체 산업",15871,115585,33086966
"2018","세종","농업, 임업 및 어업(01~03)",15,70,35018
"2018","세종","광업(05~08)",9,116,41131
"2018","세종","제조업(10~34)",1233,20248,9174119
"2018","세종","전기, 가스, 증기 및 공기조절 공급업(35)",14,483,821135
"2018","세종","수도, 하수 및 폐기물 처리, 원료 재생업(36~39)",64,562,144406
"2018","세종","건설업(41~42)",544,6350,1017794
"2018","세종","도매 및 소매업(45~47)",2963,8811,3067974
"2018","세종","운수 및 창고업(49~52)",942,3630,684255
"2018","세종","숙박 및 음식점업(55~56)",3452,10997,716544
"2018","세종","정보통신업(58~63)",160,1312,269527
"2018","세종","금융 및 보험업(64~66)",179,1803,1341352
"2018","세종","부동산업(68)",1369,4142,1320534
"2018","세종","전문, 과학 및 기술 서비스업(70~73)",444,6130,833475
"2018","세종","사업시설 관리, 사업 지원 및 임대 서비스업(74~76)",348,4601,330552
"2018","세종","공공행정, 국방 및 사회보장 행정(84)",117,18938,7098393
"2018","세종","교육 서비스업(85)",1107,12802,869103
"2018","세종","보건업 및 사회복지 서비스업(86~87)",817,9033,454189
"2018","세종","예술, 스포츠 및 여가관련 서비스업(90~91)",541,1998,4512893
"2018","세종","협회 및 단체, 수리 및 기타 개인 서비스업(94~96)",1553,3559,354572
"2018","경기","전체 산업",909032,5174364,1317596859
"2018","경기","농업, 임업 및 어업(01~03)",522,4820,1506092
"2018","경기","광업(05~08)",94,1454,805270
"2018","경기","제조업(10~34)",132785,1317605,542330042
"2018","경기","전기, 가스, 증기 및 공기조절 공급업(35)",276,8568,28491414
"2018","경기","수도, 하수 및 폐기물 처리, 원료 재생업(36~39)",2255,27224,6851552
"2018","경기","건설업(41~42)",30361,284619,62020375
"2018","경기","도매 및 소매업(45~47)",209233,735964,271848242
"2018","경기","운수 및 창고업(49~52)",90679,250124,42631926
"2018","경기","숙박 및 음식점업(55~56)",154477,503155,34121426
"2018","경기","정보통신업(58~63)",7117,114719,32549533
"2018","경기","금융 및 보험업(64~66)",7208,103879,73325887
"2018","경기","부동산업(68)",41103,122637,32029610
"2018","경기","전문, 과학 및 기술 서비스업(70~73)",21528,260658,70389960
"2018","경기","사업시설 관리, 사업 지원 및 임대 서비스업(74~76)",14535,213523,17520982
"2018","경기","공공행정, 국방 및 사회보장 행정(84)",1863,119126,21461185
"2018","경기","교육 서비스업(85)",45488,383886,27092053
"2018","경기","보건업 및 사회복지 서비스업(86~87)",34409,412597,28571561
"2018","경기","예술, 스포츠 및 여가관련 서비스업(90~91)",28561,112954,12250517
"2018","경기","협회 및 단체, 수리 및 기타 개인 서비스업(94~96)",86538,196852,11799232
"2018","강원","전체 산업",143475,639277,105027240
"2018","강원","농업, 임업 및 어업(01~03)",346,2921,603384
"2018","강원","광업(05~08)",171,4500,1295025
"2018","강원","제조업(10~34)",8584,59477,17082044
"2018","강원","전기, 가스, 증기 및 공기조절 공급업(35)",153,3427,7741063
"2018","강원","수도, 하수 및 폐기물 처리, 원료 재생업(36~39)",482,4654,915251
"2018","강원","건설업(41~42)",7089,57535,6749829
"2018","강원","도매 및 소매업(45~47)",33339,84822,20390814
"2018","강원","운수 및 창고업(49~52)",10695,26974,3153332
"2018","강원","숙박 및 음식점업(55~56)",39186,104485,6111168
"2018","강원","정보통신업(58~63)",786,8324,1808868
"2018","강원","금융 및 보험업(64~66)",1598,22229,12981558
"2018","강원","부동산업(68)",3636,11564,2060141
"2018","강원","전문, 과학 및 기술 서비스업(70~73)",2755,16282,1730275
"2018","강원","사업시설 관리, 사업 지원 및 임대 서비스업(74~76)",2695,22566,1713290
"2018","강원","공공행정, 국방 및 사회보장 행정(84)",799,38319,8171001
"2018","강원","교육 서비스업(85)",6112,57100,4341626
"2018","강원","보건업 및 사회복지 서비스업(86~87)",4610,61840,3968784
"2018","강원","예술, 스포츠 및 여가관련 서비스업(90~91)",4691,21704,2742281
"2018","강원","협회 및 단체, 수리 및 기타 개인 서비스업(94~96)",15748,30554,1467506
"2018","충북","전체 산업",129920,713339,196691007
"2018","충북","농업, 임업 및 어업(01~03)",291,2491,831675
"2018","충북","광업(05~08)",87,1034,333492
"2018","충북","제조업(10~34)",13786,208750,117565577
"2018","충북","전기, 가스, 증기 및 공기조절 공급업(35)",87,1555,3599758
"2018","충북","수도, 하수 및 폐기물 처리, 원료 재생업(36~39)",450,5255,1364065
"2018","충북","건설업(41~42)",5378,49151,7875680
"2018","충북","도매 및 소매업(45~47)",30969,81148,22751915
"2018","충북","운수 및 창고업(49~52)",11596,29805,3755184
"2018","충북","숙박 및 음식점업(55~56)",27909,72992,4471964
"2018","충북","정보통신업(58~63)",609,6007,1586412
"2018","충북","금융 및 보험업(64~66)",1251,15726,10204999
"2018","충북","부동산업(68)",3631,11995,1777217
"2018","충북","전문, 과학 및 기술 서비스업(70~73)",2512,19280,2231644
"2018","충북","사업시설 관리, 사업 지원 및 임대 서비스업(74~76)",2414,27209,2021585
"2018","충북","공공행정, 국방 및 사회보장 행정(84)",556,29481,5466121
"2018","충북","교육 서비스업(85)",5462,51293,4154960
"2018","충북","보건업 및 사회복지 서비스업(86~87)",4614,58992,3932484
"2018","충북","예술, 스포츠 및 여가관련 서비스업(90~91)",4262,14059,1074091
"2018","충북","협회 및 단체, 수리 및 기타 개인 서비스업(94~96)",14056,27116,1692184
"2018","충남","전체 산업",172242,928259,325677111
"2018","충남","농업, 임업 및 어업(01~03)",474,4442,1419049
"2018","충남","광업(05~08)",91,727,307930
"2018","충남","제조업(10~34)",18422,293530,215682668
"2018","충남","전기, 가스, 증기 및 공기조절 공급업(35)",145,6414,13741707
"2018","충남","수도, 하수 및 폐기물 처리, 원료 재생업(36~39)",543,6659,1547066
"2018","충남","건설업(41~42)",6939,54223,9253504
"2018","충남","도매 및 소매업(45~47)",42449,109494,30110790
"2018","충남","운수 및 창고업(49~52)",14688,37604,5856508
"2018","충남","숙박 및 음식점업(55~56)",36804,97680,6074577
"2018","충남","정보통신업(58~63)",839,6279,1851875
"2018","충남","금융 및 보험업(64~66)",1670,19076,12398068
"2018","충남","부동산업(68)",5197,13608,1975789
"2018","충남","전문, 과학 및 기술 서비스업(70~73)",3215,20784,2451160
"2018","충남","사업시설 관리, 사업 지원 및 임대 서비스업(74~76)",2965,31104,2415032
"2018","충남","공공행정, 국방 및 사회보장 행정(84)",769,32222,6234376
"2018","충남","교육 서비스업(85)",6871,67673,6035518
"2018","충남","보건업 및 사회복지 서비스업(86~87)",6408,76143,5237776
"2018","충남","예술, 스포츠 및 여가관련 서비스업(90~91)",5114,14920,1184643
"2018","충남","협회 및 단체, 수리 및 기타 개인 서비스업(94~96)",18639,35677,1899075
"2018","전북","전체 산업",151011,694669,140185301
"2018","전북","농업, 임업 및 어업(01~03)",488,3581,1638801
"2018","전북","광업(05~08)",108,972,278629
"2018","전북","제조업(10~34)",12933,115285,48759943
"2018","전북","전기, 가스, 증기 및 공기조절 공급업(35)",164,2525,5340954
"2018","전북","수도, 하수 및 폐기물 처리, 원료 재생업(36~39)",447,5193,1338339
"2018","전북","건설업(41~42)",5864,48690,8285394
"2018","전북","도매 및 소매업(45~47)",40128,99639,26114538
"2018","전북","운수 및 창고업(49~52)",13286,30926,3574923
"2018","전북","숙박 및 음식점업(55~56)",27692,75417,4135298
"2018","전북","정보통신업(58~63)",838,7525,1488684
"2018","전북","금융 및 보험업(64~66)",1714,24517,13834878
"2018","전북","부동산업(68)",4274,13271,1992565
"2018","전북","전문, 과학 및 기술 서비스업(70~73)",3112,20788,2984499
"2018","전북","사업시설 관리, 사업 지원 및 임대 서비스업(74~76)",2580,23466,1521785
"2018","전북","공공행정, 국방 및 사회보장 행정(84)",902,32550,6678636
"2018","전북","교육 서비스업(85)",7705,61153,4646280
"2018","전북","보건업 및 사회복지 서비스업(86~87)",6252,80508,5085080
"2018","전북","예술, 스포츠 및 여가관련 서비스업(90~91)",4187,14448,834168
"2018","전북","협회 및 단체, 수리 및 기타 개인 서비스업(94~96)",18337,34215,1651907
"2018","전남","전체 산업",156914,733925,232165887
"2018","전남","농업, 임업 및 어업(01~03)",642,7622,1917323
"2018","전남","광업(05~08)",1006,2859,247566
"2018","전남","제조업(10~34)",14014,117989,126019024
"2018","전남","전기, 가스, 증기 및 공기조절 공급업(35)",338,6991,12192711
"2018","전남","수도, 하수 및 폐기물 처리, 원료 재생업(36~39)",585,6386,1209339
"2018","전남","건설업(41~42)",7298,71614,13875786
"2018","전남","도매 및 소매업(45~47)",42209,101376,24107953
"2018","전남","운수 및 창고업(49~52)",11690,38408,6524108
"2018","전남","숙박 및 음식점업(55~56)",32584,81035,4874893
"2018","전남","정보통신업(58~63)",884,7232,2107140
"2018","전남","금융 및 보험업(64~66)",1727,21304,13146156
"2018","전남","부동산업(68)",2986,9999,1448567
"2018","전남","전문, 과학 및 기술 서비스업(70~73)",2498,15593,1709283
"2018","전남","사업시설 관리, 사업 지원 및 임대 서비스업(74~76)",2442,22996,2082938
"2018","전남","공공행정, 국방 및 사회보장 행정(84)",1267,42317,8907793
"2018","전남","교육 서비스업(85)",6481,54097,4195184
"2018","전남","보건업 및 사회복지 서비스업(86~87)",5811,78061,5102610
"2018","전남","예술, 스포츠 및 여가관련 서비스업(90~91)",4304,15368,1030447
"2018","전남","협회 및 단체, 수리 및 기타 개인 서비스업(94~96)",18148,32678,1467066
"2018","경북","전체 산업",232030,1117782,312875914
"2018","경북","농업, 임업 및 어업(01~03)",501,4752,1180572
"2018","경북","광업(05~08)",143,1284,297412
"2018","경북","제조업(10~34)",29217,320706,181202583
"2018","경북","전기, 가스, 증기 및 공기조절 공급업(35)",248,7133,11775948
"2018","경북","수도, 하수 및 폐기물 처리, 원료 재생업(36~39)",941,9268,2902108
"2018","경북","건설업(41~42)",9958,74591,11954225
"2018","경북","도매 및 소매업(45~47)",55670,132384,36027126
"2018","경북","운수 및 창고업(49~52)",19092,47436,7505156
"2018","경북","숙박 및 음식점업(55~56)",49681,119131,6684469
"2018","경북","정보통신업(58~63)",1173,8725,2368034
"2018","경북","금융 및 보험업(64~66)",2316,25912,16736894
"2018","경북","부동산업(68)",5594,15996,1837640
"2018","경북","전문, 과학 및 기술 서비스업(70~73)",3849,27086,4626352
"2018","경북","사업시설 관리, 사업 지원 및 임대 서비스업(74~76)",3408,28768,2507082
"2018","경북","공공행정, 국방 및 사회보장 행정(84)",1304,48455,9188591
"2018","경북","교육 서비스업(85)",9757,79857,6464303
"2018","경북","보건업 및 사회복지 서비스업(86~87)",7774,98932,5983103
"2018","경북","예술, 스포츠 및 여가관련 서비스업(90~91)",6344,21345,1421549
"2018","경북","협회 및 단체, 수리 및 기타 개인 서비스업(94~96)",25060,46021,2212767
"2018","경남","전체 산업",281685,1388302,313298125
"2018","경남","농업, 임업 및 어업(01~03)",366,3282,874084
"2018","경남","광업(05~08)",85,712,200545
"2018","경남","제조업(10~34)",37048,409762,153584927
"2018","경남","전기, 가스, 증기 및 공기조절 공급업(35)",203,4266,10682658
"2018","경남","수도, 하수 및 폐기물 처리, 원료 재생업(36~39)",869,9362,2050372
"2018","경남","건설업(41~42)",10157,82581,14278153
"2018","경남","도매 및 소매업(45~47)",65898,170972,48599214
"2018","경남","운수 및 창고업(49~52)",22229,60756,7453739
"2018","경남","숙박 및 음식점업(55~56)",61806,153097,8175649
"2018","경남","정보통신업(58~63)",1164,10051,2715580
"2018","경남","금융 및 보험업(64~66)",2827,34811,21547075
"2018","경남","부동산업(68)",9275,27267,8718725
"2018","경남","전문, 과학 및 기술 서비스업(70~73)",5183,33589,3325280
"2018","경남","사업시설 관리, 사업 지원 및 임대 서비스업(74~76)",4089,41238,2983619
"2018","경남","공공행정, 국방 및 사회보장 행정(84)",1058,48323,8593070
"2018","경남","교육 서비스업(85)",13372,96088,6850738
"2018","경남","보건업 및 사회복지 서비스업(86~87)",9498,121835,8262153
"2018","경남","예술, 스포츠 및 여가관련 서비스업(90~91)",7492,24650,1734374
"2018","경남","협회 및 단체, 수리 및 기타 개인 서비스업(94~96)",29066,55660,2668170
"2018","제주","전체 산업",62871,276942,46640453
"2018","제주","농업, 임업 및 어업(01~03)",368,2648,589999
"2018","제주","광업(05~08)",11,165,46573
"2018","제주","제조업(10~34)",2556,12081,2679176
"2018","제주","전기, 가스, 증기 및 공기조절 공급업(35)",43,1113,1674170
"2018","제주","수도, 하수 및 폐기물 처리, 원료 재생업(36~39)",104,1082,239987
"2018","제주","건설업(41~42)",2601,21665,4161766
"2018","제주","도매 및 소매업(45~47)",14679,44152,12160434
"2018","제주","운수 및 창고업(49~52)",5824,14999,1700460
"2018","제주","숙박 및 음식점업(55~56)",18498,58359,3727368
"2018","제주","정보통신업(58~63)",339,4609,1900055
"2018","제주","금융 및 보험업(64~66)",653,8197,5543364
"2018","제주","부동산업(68)",2099,5687,1344007
"2018","제주","전문, 과학 및 기술 서비스업(70~73)",1218,7235,803772
"2018","제주","사업시설 관리, 사업 지원 및 임대 서비스업(74~76)",1642,12243,1411332
"2018","제주","공공행정, 국방 및 사회보장 행정(84)",213,14120,3271339
"2018","제주","교육 서비스업(85)",2679,20773,1674242
"2018","제주","보건업 및 사회복지 서비스업(86~87)",1956,23810,1628679
"2018","제주","예술, 스포츠 및 여가관련 서비스업(90~91)",1801,11578,1335436
"2018","제주","협회 및 단체, 수리 및 기타 개인 서비스업(94~96)",5587,12426,748294
"2019","전국","전체 산업",4176549,22723272,6195097953
"2019","전국","농업, 임업 및 어업(01~03)",4522,43920,12770943
"2019","전국","광업(05~08)",1776,14887,4425349
"2019","전국","제조업(10~34)",440766,4123817,1896310237
"2019","전국","전기, 가스, 증기 및 공기조절 공급업(35)",3119,67526,150650578
"2019","전국","수도, 하수 및 폐기물 처리, 원료 재생업(36~39)",9423,114085,26741446
"2019","전국","건설업(41~42)",146293,1504466,385823922
"2019","전국","도매 및 소매업(45~47)",1028323,3289652,1289867149
"2019","전국","운수 및 창고업(49~52)",409288,1155965,217222793
"2019","전국","숙박 및 음식점업(55~56)",785706,2384828,158565205
"2019","전국","정보통신업(58~63)",45303,606964,169927169
"2019","전국","금융 및 보험업(64~66)",43555,715399,891998566
"2019","전국","부동산업(68)",168481,537841,131492705
"2019","전국","전문, 과학 및 기술 서비스업(70~73)",118129,1132049,226608156
"2019","전국","사업시설 관리, 사업 지원 및 임대 서비스업(74~76)",73282,1192036,91328490
"2019","전국","공공행정, 국방 및 사회보장 행정(84)",12570,768733,145599856
"2019","전국","교육 서비스업(85)",193790,1672443,136250421
"2019","전국","보건업 및 사회복지 서비스업(86~87)",150659,2033034,150908236
"2019","전국","예술, 스포츠 및 여가관련 서비스업(90~91)",124621,458555,53320585
"2019","전국","협회 및 단체, 수리 및 기타 개인 서비스업(94~96)",416943,907072,55286147
"2019","서울","전체 산업",823624,5226997,1854431580
"2019","서울","농업, 임업 및 어업(01~03)",24,426,241961
"2019","서울","광업(05~08)",20,43,13788
"2019","서울","제조업(10~34)",57321,265273,56925236
"2019","서울","전기, 가스, 증기 및 공기조절 공급업(35)",225,6234,15321034
"2019","서울","수도, 하수 및 폐기물 처리, 원료 재생업(36~39)",475,9158,1375386
"2019","서울","건설업(41~42)",21626,362785,168227092
"2019","서울","도매 및 소매업(45~47)",220055,899642,514560341
"2019","서울","운수 및 창고업(49~52)",94759,264181,72815817
"2019","서울","숙박 및 음식점업(55~56)",132475,493912,41408503
"2019","서울","정보통신업(58~63)",23356,360062,101100498
"2019","서울","금융 및 보험업(64~66)",11444,266110,574969656
"2019","서울","부동산업(68)",43611,166094,44167077
"2019","서울","전문, 과학 및 기술 서비스업(70~73)",42782,485150,101153204
"2019","서울","사업시설 관리, 사업 지원 및 임대 서비스업(74~76)",16354,472573,38215933
"2019","서울","공공행정, 국방 및 사회보장 행정(84)",1296,141582,21845304
"2019","서울","교육 서비스업(85)",35761,351320,31638388
"2019","서울","보건업 및 사회복지 서비스업(86~87)",29168,400143,38510619
"2019","서울","예술, 스포츠 및 여가관련 서비스업(90~91)",23527,92752,15922111
"2019","서울","협회 및 단체, 수리 및 기타 개인 서비스업(94~96)",69345,189557,16019632
"2019","부산","전체 산업",290357,1465433,299865992
"2019","부산","농업, 임업 및 어업(01~03)",85,3495,1333804
"2019","부산","광업(05~08)",17,107,18427
"2019","부산","제조업(10~34)",30630,214649,57107979
"2019","부산","전기, 가스, 증기 및 공기조절 공급업(35)",85,3927,7445389
"2019","부산","수도, 하수 및 폐기물 처리, 원료 재생업(36~39)",467,6867,1162232
"2019","부산","건설업(41~42)",9043,102948,20540218
"2019","부산","도매 및 소매업(45~47)",79464,234742,84509568
"2019","부산","운수 및 창고업(49~52)",26955,110016,20008206
"2019","부산","숙박 및 음식점업(55~56)",53391,165099,10136963
"2019","부산","정보통신업(58~63)",1942,17072,4543398
"2019","부산","금융 및 보험업(64~66)",3241,51020,38472486
"2019","부산","부동산업(68)",12303,35748,10729189
"2019","부산","전문, 과학 및 기술 서비스업(70~73)",7487,48478,7419309
"2019","부산","사업시설 관리, 사업 지원 및 임대 서비스업(74~76)",5274,85020,5462265
"2019","부산","공공행정, 국방 및 사회보장 행정(84)",703,46187,7096621
"2019","부산","교육 서비스업(85)",12792,102349,7794471
"2019","부산","보건업 및 사회복지 서비스업(86~87)",9667,149854,10468724
"2019","부산","예술, 스포츠 및 여가관련 서비스업(90~91)",7239,24997,2289369
"2019","부산","협회 및 단체, 수리 및 기타 개인 서비스업(94~96)",29572,62858,3327374
"2019","대구","전체 산업",210944,967934,184993256
"2019","대구","농업, 임업 및 어업(01~03)",22,414,62335
"2019","대구","광업(05~08)",6,24,2912
"2019","대구","제조업(10~34)",26600,174311,40751975
"2019","대구","전기, 가스, 증기 및 공기조절 공급업(35)",104,2613,10712865
"2019","대구","수도, 하수 및 폐기물 처리, 원료 재생업(36~39)",365,4155,890096
"2019","대구","건설업(41~42)",6772,61491,11413659
"2019","대구","도매 및 소매업(45~47)",54735,154973,47340813
"2019","대구","운수 및 창고업(49~52)",21059,47975,4456705
"2019","대구","숙박 및 음식점업(55~56)",35707,101892,5670893
"2019","대구","정보통신업(58~63)",1284,12781,3063964
"2019","대구","금융 및 보험업(64~66)",2176,34444,25883454
"2019","대구","부동산업(68)",7699,24632,4611629
"2019","대구","전문, 과학 및 기술 서비스업(70~73)",4930,28433,3505666
"2019","대구","사업시설 관리, 사업 지원 및 임대 서비스업(74~76)",3052,45761,2691889
"2019","대구","공공행정, 국방 및 사회보장 행정(84)",449,30502,5920525
"2019","대구","교육 서비스업(85)",11090,81327,6271663
"2019","대구","보건업 및 사회복지 서비스업(86~87)",7285,100706,7883549
"2019","대구","예술, 스포츠 및 여가관련 서비스업(90~91)",6010,18304,1147685
"2019","대구","협회 및 단체, 수리 및 기타 개인 서비스업(94~96)",21599,43196,2710979
"2019","인천","전체 산업",206244,1092494,272040775
"2019","인천","농업, 임업 및 어업(01~03)",47,209,53457
"2019","인천","광업(05~08)",31,531,160326
"2019","인천","제조업(10~34)",25190,244352,83445027
"2019","인천","전기, 가스, 증기 및 공기조절 공급업(35)",71,4069,11038772
"2019","인천","수도, 하수 및 폐기물 처리, 원료 재생업(36~39)",516,7096,1878234
"2019","인천","건설업(41~42)",6463,56774,16570154
"2019","인천","도매 및 소매업(45~47)",46874,147971,72575435
"2019","인천","운수 및 창고업(49~52)",26774,83113,18524016
"2019","인천","숙박 및 음식점업(55~56)",37321,114801,7919155
"2019","인천","정보통신업(58~63)",1089,10200,2167773
"2019","인천","금융 및 보험업(64~66)",1771,25519,18117081
"2019","인천","부동산업(68)",8523,23743,6013443
"2019","인천","전문, 과학 및 기술 서비스업(70~73)",4105,31577,5035698
"2019","인천","사업시설 관리, 사업 지원 및 임대 서비스업(74~76)",3142,51649,3339930
"2019","인천","공공행정, 국방 및 사회보장 행정(84)",486,38067,6736900
"2019","인천","교육 서비스업(85)",8553,76559,6362451
"2019","인천","보건업 및 사회복지 서비스업(86~87)",7586,109265,7299730
"2019","인천","예술, 스포츠 및 여가관련 서비스업(90~91)",6968,22560,2102317
"2019","인천","협회 및 단체, 수리 및 기타 개인 서비스업(94~96)",20734,44439,2700876
"2019","광주","전체 산업",123706,631876,141931504
"2019","광주","농업, 임업 및 어업(01~03)",27,341,72392
"2019","광주","광업(05~08)",8,41,14819
"2019","광주","제조업(10~34)",9266,85858,40676021
"2019","광주","전기, 가스, 증기 및 공기조절 공급업(35)",324,1671,3438627
"2019","광주","수도, 하수 및 폐기물 처리, 원료 재생업(36~39)",176,2216,620079
"2019","광주","건설업(41~42)",5463,58962,17109841
"2019","광주","도매 및 소매업(45~47)",31799,94194,29308893
"2019","광주","운수 및 창고업(49~52)",11308,30315,3278616
"2019","광주","숙박 및 음식점업(55~56)",20742,64721,3858338
"2019","광주","정보통신업(58~63)",909,9640,3337167
"2019","광주","금융 및 보험업(64~66)",1564,22887,14272207
"2019","광주","부동산업(68)",5575,18264,5951723
"2019","광주","전문, 과학 및 기술 서비스업(70~73)",3490,20598,2134006
"2019","광주","사업시설 관리, 사업 지원 및 임대 서비스업(74~76)",2319,31600,2150574
"2019","광주","공공행정, 국방 및 사회보장 행정(84)",270,19290,3555894
"2019","광주","교육 서비스업(85)",7042,53909,4184395
"2019","광주","보건업 및 사회복지 서비스업(86~87)",5010,73598,5137323
"2019","광주","예술, 스포츠 및 여가관련 서비스업(90~91)",4282,13868,1127375
"2019","광주","협회 및 단체, 수리 및 기타 개인 서비스업(94~96)",14132,29903,1703214
"2019","대전","전체 산업",119628,633418,130156847
"2019","대전","농업, 임업 및 어업(01~03)",18,388,75296
"2019","대전","광업(05~08)",4,25,4370
"2019","대전","제조업(10~34)",8380,63480,21913343
"2019","대전","전기, 가스, 증기 및 공기조절 공급업(35)",60,1851,4040013
"2019","대전","수도, 하수 및 폐기물 처리, 원료 재생업(36~39)",141,3375,1032872
"2019","대전","건설업(41~42)",4240,44661,10113682
"2019","대전","도매 및 소매업(45~47)",30596,92180,29194717
"2019","대전","운수 및 창고업(49~52)",12996,30414,3261282
"2019","대전","숙박 및 음식점업(55~56)",21767,66300,4015387
"2019","대전","정보통신업(58~63)",1314,14990,3376004
"2019","대전","금융 및 보험업(64~66)",1400,21860,17274788
"2019","대전","부동산업(68)",4512,15068,3233656
"2019","대전","전문, 과학 및 기술 서비스업(70~73)",3452,48147,11560755
"2019","대전","사업시설 관리, 사업 지원 및 임대 서비스업(74~76)",2191,39474,2561873
"2019","대전","공공행정, 국방 및 사회보장 행정(84)",283,26957,6344181
"2019","대전","교육 서비스업(85)",5874,57344,4783369
"2019","대전","보건업 및 사회복지 서비스업(86~87)",4971,66489,4788672
"2019","대전","예술, 스포츠 및 여가관련 서비스업(90~91)",3941,12086,926786
"2019","대전","협회 및 단체, 수리 및 기타 개인 서비스업(94~96)",13488,28329,1655801
"2019","울산","전체 산업",87054,533187,266785970
"2019","울산","농업, 임업 및 어업(01~03)",36,178,69664
"2019","울산","광업(05~08)",19,317,201952
"2019","울산","제조업(10~34)",7729,177173,203894846
"2019","울산","전기, 가스, 증기 및 공기조절 공급업(35)",46,2303,4765160
"2019","울산","수도, 하수 및 폐기물 처리, 원료 재생업(36~39)",233,2301,585898
"2019","울산","건설업(41~42)",3271,38417,6285063
"2019","울산","도매 및 소매업(45~47)",20146,57099,16023913
"2019","울산","운수 및 창고업(49~52)",7633,23770,4147995
"2019","울산","숙박 및 음식점업(55~56)",19377,53360,3253061
"2019","울산","정보통신업(58~63)",387,3948,865722
"2019","울산","금융 및 보험업(64~66)",897,14250,10181638
"2019","울산","부동산업(68)",3190,8992,1500276
"2019","울산","전문, 과학 및 기술 서비스업(70~73)",1960,16722,3183178
"2019","울산","사업시설 관리, 사업 지원 및 임대 서비스업(74~76)",1537,18290,1712284
"2019","울산","공공행정, 국방 및 사회보장 행정(84)",207,14504,2611615
"2019","울산","교육 서비스업(85)",4896,35740,3129372
"2019","울산","보건업 및 사회복지 서비스업(86~87)",2969,38388,2925351
"2019","울산","예술, 스포츠 및 여가관련 서비스업(90~91)",3069,8814,494596
"2019","울산","협회 및 단체, 수리 및 기타 개인 서비스업(94~96)",9452,18621,954386
"2019","세종","전체 산업",18041,125410,35407574
"2019","세종","농업, 임업 및 어업(01~03)",25,126,53759
"2019","세종","광업(05~08)",9,114,43200
"2019","세종","제조업(10~34)",1300,20555,9363257
"2019","세종","전기, 가스, 증기 및 공기조절 공급업(35)",15,545,845653
"2019","세종","수도, 하수 및 폐기물 처리, 원료 재생업(36~39)",71,601,161174
"2019","세종","건설업(41~42)",604,6216,1045796
"2019","세종","도매 및 소매업(45~47)",3402,9603,3387440
"2019","세종","운수 및 창고업(49~52)",1141,4096,779278
"2019","세종","숙박 및 음식점업(55~56)",3849,12190,771392
"2019","세종","정보통신업(58~63)",218,1424,278019
"2019","세종","금융 및 보험업(64~66)",198,1979,1579293
"2019","세종","부동산업(68)",1541,4526,1216773
"2019","세종","전문, 과학 및 기술 서비스업(70~73)",552,6755,995190
"2019","세종","사업시설 관리, 사업 지원 및 임대 서비스업(74~76)",397,4210,313162
"2019","세종","공공행정, 국방 및 사회보장 행정(84)",130,21871,7660033
"2019","세종","교육 서비스업(85)",1354,14279,1029552
"2019","세종","보건업 및 사회복지 서비스업(86~87)",885,10183,549016
"2019","세종","예술, 스포츠 및 여가관련 서비스업(90~91)",601,2171,4954837
"2019","세종","협회 및 단체, 수리 및 기타 개인 서비스업(94~96)",1749,3966,380750
"2019","경기","전체 산업",934349,5302740,1316744541
"2019","경기","농업, 임업 및 어업(01~03)",558,5051,1448204
"2019","경기","광업(05~08)",92,1589,818640
"2019","경기","제조업(10~34)",133317,1321095,526793254
"2019","경기","전기, 가스, 증기 및 공기조절 공급업(35)",367,9005,26606152
"2019","경기","수도, 하수 및 폐기물 처리, 원료 재생업(36~39)",2285,28916,7195366
"2019","경기","건설업(41~42)",31261,292943,59949100
"2019","경기","도매 및 소매업(45~47)",212226,742267,271148820
"2019","경기","운수 및 창고업(49~52)",94190,263440,46023048
"2019","경기","숙박 및 음식점업(55~56)",160465,518752,35982525
"2019","경기","정보통신업(58~63)",7750,117021,34532755
"2019","경기","금융 및 보험업(64~66)",7213,103692,78637493
"2019","경기","부동산업(68)",43792,130321,32219898
"2019","경기","전문, 과학 및 기술 서비스업(70~73)",23241,273434,70430466
"2019","경기","사업시설 관리, 사업 지원 및 임대 서비스업(74~76)",15159,217284,17107374
"2019","경기","공공행정, 국방 및 사회보장 행정(84)",1880,125943,22976536
"2019","경기","교육 서비스업(85)",46798,393038,28988024
"2019","경기","보건업 및 사회복지 서비스업(86~87)",35199,441605,31274676
"2019","경기","예술, 스포츠 및 여가관련 서비스업(90~91)",29701,116150,12616699
"2019","경기","협회 및 단체, 수리 및 기타 개인 서비스업(94~96)",88855,201194,11995511
"2019","강원","전체 산업",146815,670247,108174467
"2019","강원","농업, 임업 및 어업(01~03)",368,3165,639696
"2019","강원","광업(05~08)",181,4562,1425009
"2019","강원","제조업(10~34)",8889,61976,17235930
"2019","강원","전기, 가스, 증기 및 공기조절 공급업(35)",231,3724,7369135
"2019","강원","수도, 하수 및 폐기물 처리, 원료 재생업(36~39)",508,4928,955898
"2019","강원","건설업(41~42)",7516,59981,6965702
"2019","강원","도매 및 소매업(45~47)",33705,88824,21002568
"2019","강원","운수 및 창고업(49~52)",10996,28574,3337091
"2019","강원","숙박 및 음식점업(55~56)",39817,108569,6286408
"2019","강원","정보통신업(58~63)",808,8439,2024534
"2019","강원","금융 및 보험업(64~66)",1552,23495,13878537
"2019","강원","부동산업(68)",3795,11763,1994712
"2019","강원","전문, 과학 및 기술 서비스업(70~73)",2963,17165,1849582
"2019","강원","사업시설 관리, 사업 지원 및 임대 서비스업(74~76)",2839,25275,1834097
"2019","강원","공공행정, 국방 및 사회보장 행정(84)",796,40634,8036874
"2019","강원","교육 서비스업(85)",6205,58842,4674361
"2019","강원","보건업 및 사회복지 서비스업(86~87)",4728,65284,4252382
"2019","강원","예술, 스포츠 및 여가관련 서비스업(90~91)",4810,23577,2946442
"2019","강원","협회 및 단체, 수리 및 기타 개인 서비스업(94~96)",16108,31470,1465509
"2019","충북","전체 산업",133522,741452,198060336
"2019","충북","농업, 임업 및 어업(01~03)",311,2716,924446
"2019","충북","광업(05~08)",86,1062,369625
"2019","충북","제조업(10~34)",14273,212108,116035850
"2019","충북","전기, 가스, 증기 및 공기조절 공급업(35)",101,1539,3375781
"2019","충북","수도, 하수 및 폐기물 처리, 원료 재생업(36~39)",482,5454,1349052
"2019","충북","건설업(41~42)",5594,50322,7844469
"2019","충북","도매 및 소매업(45~47)",31524,84157,22462741
"2019","충북","운수 및 창고업(49~52)",11790,30878,4414723
"2019","충북","숙박 및 음식점업(55~56)",28650,76781,4637590
"2019","충북","정보통신업(58~63)",660,6064,1666646
"2019","충북","금융 및 보험업(64~66)",1258,15852,11205492
"2019","충북","부동산업(68)",3766,11939,1355910
"2019","충북","전문, 과학 및 기술 서비스업(70~73)",2688,22204,2603093
"2019","충북","사업시설 관리, 사업 지원 및 임대 서비스업(74~76)",2631,29567,2445371
"2019","충북","공공행정, 국방 및 사회보장 행정(84)",557,31511,5919023
"2019","충북","교육 서비스업(85)",5541,52912,4493959
"2019","충북","보건업 및 사회복지 서비스업(86~87)",4778,62381,4244957
"2019","충북","예술, 스포츠 및 여가관련 서비스업(90~91)",4426,15458,1128910
"2019","충북","협회 및 단체, 수리 및 기타 개인 서비스업(94~96)",14406,28547,1582698
"2019","충남","전체 산업",176643,973944,327038272
"2019","충남","농업, 임업 및 어업(01~03)",512,4662,1496092
"2019","충남","광업(05~08)",95,763,312617
"2019","충남","제조업(10~34)",19050,299436,210410589
"2019","충남","전기, 가스, 증기 및 공기조절 공급업(35)",176,6610,13656113
"2019","충남","수도, 하수 및 폐기물 처리, 원료 재생업(36~39)",619,6878,1572039
"2019","충남","건설업(41~42)",7218,57902,10442387
"2019","충남","도매 및 소매업(45~47)",43064,114902,31094217
"2019","충남","운수 및 창고업(49~52)",14975,39701,6892501
"2019","충남","숙박 및 음식점업(55~56)",37500,102408,6226229
"2019","충남","정보통신업(58~63)",892,6647,1998880
"2019","충남","금융 및 보험업(64~66)",1658,19227,13225350
"2019","충남","부동산업(68)",5411,14190,2256420
"2019","충남","전문, 과학 및 기술 서비스업(70~73)",3492,22584,2655979
"2019","충남","사업시설 관리, 사업 지원 및 임대 서비스업(74~76)",3250,35416,2579285
"2019","충남","공공행정, 국방 및 사회보장 행정(84)",762,35093,6869666
"2019","충남","교육 서비스업(85)",7065,70440,6733055
"2019","충남","보건업 및 사회복지 서비스업(86~87)",6525,83707,5430298
"2019","충남","예술, 스포츠 및 여가관련 서비스업(90~91)",5243,15947,1285307
"2019","충남","협회 및 단체, 수리 및 기타 개인 서비스업(94~96)",19136,37431,1901248
"2019","전북","전체 산업",154082,720052,143060444
"2019","전북","농업, 임업 및 어업(01~03)",489,3918,1677342
"2019","전북","광업(05~08)",106,970,256769
"2019","전북","제조업(10~34)",13288,117056,48262708
"2019","전북","전기, 가스, 증기 및 공기조절 공급업(35)",200,2670,5630011
"2019","전북","수도, 하수 및 폐기물 처리, 원료 재생업(36~39)",472,5090,1331323
"2019","전북","건설업(41~42)",6077,50601,8369356
"2019","전북","도매 및 소매업(45~47)",40113,102998,26086013
"2019","전북","운수 및 창고업(49~52)",14031,31705,3531955
"2019","전북","숙박 및 음식점업(55~56)",28331,78756,4327544
"2019","전북","정보통신업(58~63)",889,7159,1537364
"2019","전북","금융 및 보험업(64~66)",1715,24771,15036682
"2019","전북","부동산업(68)",4393,12975,2228294
"2019","전북","전문, 과학 및 기술 서비스업(70~73)",3221,21986,2812607
"2019","전북","사업시설 관리, 사업 지원 및 임대 서비스업(74~76)",2684,23655,1588807
"2019","전북","공공행정, 국방 및 사회보장 행정(84)",904,35155,7327845
"2019","전북","교육 서비스업(85)",7780,62699,5055289
"2019","전북","보건업 및 사회복지 서비스업(86~87)",6352,86679,5361649
"2019","전북","예술, 스포츠 및 여가관련 서비스업(90~91)",4367,15550,915326
"2019","전북","협회 및 단체, 수리 및 기타 개인 서비스업(94~96)",18670,35659,1723560
"2019","전남","전체 산업",161883,774294,231980173
"2019","전남","농업, 임업 및 어업(01~03)",711,8038,1960691
"2019","전남","광업(05~08)",862,2638,308499
"2019","전남","제조업(10~34)",14537,122103,121568272
"2019","전남","전기, 가스, 증기 및 공기조절 공급업(35)",460,7620,12399291
"2019","전남","수도, 하수 및 폐기물 처리, 원료 재생업(36~39)",607,6644,1410624
"2019","전남","건설업(41~42)",7752,78492,12599914
"2019","전남","도매 및 소매업(45~47)",42532,105159,25052885
"2019","전남","운수 및 창고업(49~52)",12815,41685,8136135
"2019","전남","숙박 및 음식점업(55~56)",33360,85101,4567736
"2019","전남","정보통신업(58~63)",962,7626,2145687
"2019","전남","금융 및 보험업(64~66)",1732,21365,13644438
"2019","전남","부동산업(68)",3288,10776,1730232
"2019","전남","전문, 과학 및 기술 서비스업(70~73)",2756,16984,1832608
"2019","전남","사업시설 관리, 사업 지원 및 임대 서비스업(74~76)",2698,25686,2225749
"2019","전남","공공행정, 국방 및 사회보장 행정(84)",1266,44138,9930587
"2019","전남","교육 서비스업(85)",6574,55963,4366967
"2019","전남","보건업 및 사회복지 서비스업(86~87)",5913,83770,5584696
"2019","전남","예술, 스포츠 및 여가관련 서비스업(90~91)",4445,16645,1010650
"2019","전남","협회 및 단체, 수리 및 기타 개인 서비스업(94~96)",18613,33861,1504512
"2019","경북","전체 산업",236807,1150047,315448883
"2019","경북","농업, 임업 및 어업(01~03)",524,4877,1243413
"2019","경북","광업(05~08)",141,1168,277862
"2019","경북","제조업(10~34)",29986,319306,182692008
"2019","경북","전기, 가스, 증기 및 공기조절 공급업(35)",310,7198,11263464
"2019","경북","수도, 하수 및 폐기물 처리, 원료 재생업(36~39)",974,9570,2796137
"2019","경북","건설업(41~42)",10360,75421,11354264
"2019","경북","도매 및 소매업(45~47)",56514,138239,35348741
"2019","경북","운수 및 창고업(49~52)",19435,49004,7496743
"2019","경북","숙박 및 음식점업(55~56)",50490,122692,7349795
"2019","경북","정보통신업(58~63)",1234,8699,2423915
"2019","경북","금융 및 보험업(64~66)",2293,25111,17057069
"2019","경북","부동산업(68)",5676,16049,1798473
"2019","경북","전문, 과학 및 기술 서비스업(70~73)",4074,27946,4616951
"2019","경북","사업시설 관리, 사업 지원 및 임대 서비스업(74~76)",3647,31705,2419869
"2019","경북","공공행정, 국방 및 사회보장 행정(84)",1302,52142,9814933
"2019","경북","교육 서비스업(85)",9955,84353,7399737
"2019","경북","보건업 및 사회복지 서비스업(86~87)",7959,107319,6426690
"2019","경북","예술, 스포츠 및 여가관련 서비스업(90~91)",6492,21881,1469440
"2019","경북","협회 및 단체, 수리 및 기타 개인 서비스업(94~96)",25441,47367,2199379
"2019","경남","전체 산업",286752,1427443,320721560
"2019","경남","농업, 임업 및 어업(01~03)",395,3372,882676
"2019","경남","광업(05~08)",87,756,170912
"2019","경남","제조업(10~34)",38352,412713,156578340
"2019","경남","전기, 가스, 증기 및 공기조절 공급업(35)",291,4535,10252823
"2019","경남","수도, 하수 및 폐기물 처리, 원료 재생업(36~39)",916,9736,2182304
"2019","경남","건설업(41~42)",10495,86226,13285211
"2019","경남","도매 및 소매업(45~47)",66322,176361,48603570
"2019","경남","운수 및 창고업(49~52)",22275,61741,8383918
"2019","경남","숙박 및 음식점업(55~56)",62642,158258,8237609
"2019","경남","정보통신업(58~63)",1250,10508,2965447
"2019","경남","금융 및 보험업(64~66)",2790,35528,22415685
"2019","경남","부동산업(68)",9254,27963,9314811
"2019","경남","전문, 과학 및 기술 서비스업(70~73)",5563,36114,3959738
"2019","경남","사업시설 관리, 사업 지원 및 임대 서비스업(74~76)",4385,41868,3079959
"2019","경남","공공행정, 국방 및 사회보장 행정(84)",1067,50422,9583201
"2019","경남","교육 서비스업(85)",13659,99419,7475346
"2019","경남","보건업 및 사회복지 서비스업(86~87)",9627,128395,8961276
"2019","경남","예술, 스포츠 및 여가관련 서비스업(90~91)",7555,26122,1732759
"2019","경남","협회 및 단체, 수리 및 기타 개인 서비스업(94~96)",29827,57406,2655975
"2019","제주","전체 산업",66098,286304,48255779
"2019","제주","농업, 임업 및 어업(01~03)",370,2544,535715
"2019","제주","광업(05~08)",12,177,25622
"2019","제주","제조업(10~34)",2658,12373,2655602
"2019","제주","전기, 가스, 증기 및 공기조절 공급업(35)",53,1412,2490295
"2019","제주","수도, 하수 및 폐기물 처리, 원료 재생업(36~39)",116,1100,242732
"2019","제주","건설업(41~42)",2538,20324,3708014
"2019","제주","도매 및 소매업(45~47)",15252,46341,12166474
"2019","제주","운수 및 창고업(49~52)",6156,15357,1734764
"2019","제주","숙박 및 음식점업(55~56)",19822,61236,3916077
"2019","제주","정보통신업(58~63)",359,4684,1899396
"2019","제주","금융 및 보험업(64~66)",653,8289,6147217
"2019","제주","부동산업(68)",2152,4798,1170189
"2019","제주","전문, 과학 및 기술 서비스업(70~73)",1373,7772,860126
"2019","제주","사업시설 관리, 사업 지원 및 임대 서비스업(74~76)",1723,13003,1600069
"2019","제주","공공행정, 국방 및 사회보장 행정(84)",212,14735,3370118
"2019","제주","교육 서비스업(85)",2851,21950,1870022
"2019","제주","보건업 및 사회복지 서비스업(86~87)",2037,25268,1808628
"2019","제주","예술, 스포츠 및 여가관련 서비스업(90~91)",1945,11673,1249976
"2019","제주","협회 및 단체, 수리 및 기타 개인 서비스업(94~96)",5816,13268,804743
